abbrev,meas_date,Streamflow Value,Streamflow Meas Units,Streamflow Review Status,Streamflow Data Source
WGPPMPCO,6/23/2021,0.00,cfs,U,UNKNOWN
WGPPMPCO,6/24/2021,0.00,cfs,U,UNKNOWN
WGPPMPCO,6/25/2021,0.00,cfs,U,UNKNOWN
WGPPMPCO,6/26/2021,0.00,cfs,U,UNKNOWN
WGPPMPCO,6/27/2021,0.00,cfs,U,UNKNOWN
WGPPMPCO,6/28/2021,0.00,cfs,U,UNKNOWN
WGPPMPCO,6/29/2021,0.00,cfs,U,UNKNOWN
WGPPMPCO,6/30/2021,0.00,cfs,U,UNKNOWN
WGPPMPCO,7/1/2021,0.00,cfs,U,UNKNOWN
WGPPMPCO,7/2/2021,0.00,cfs,U,UNKNOWN
WGPPMPCO,7/3/2021,0.00,cfs,U,UNKNOWN
WGPPMPCO,7/4/2021,0.00,cfs,U,UNKNOWN
WGPPMPCO,7/5/2021,0.00,cfs,U,UNKNOWN
WGPPMPCO,7/6/2021,0.00,cfs,U,UNKNOWN
WGPPMPCO,7/7/2021,0.00,cfs,U,UNKNOWN
WGPPMPCO,7/8/2021,0.00,cfs,U,UNKNOWN
WGPPMPCO,7/9/2021,0.00,cfs,U,UNKNOWN
WGPPMPCO,7/10/2021,0.00,cfs,U,UNKNOWN
WGPPMPCO,7/11/2021,0.00,cfs,U,UNKNOWN
WGPPMPCO,7/12/2021,0.00,cfs,U,UNKNOWN
WGPPMPCO,7/13/2021,0.00,cfs,U,UNKNOWN
WGPPMPCO,7/14/2021,0.00,cfs,U,UNKNOWN
WGPPMPCO,7/15/2021,0.00,cfs,U,UNKNOWN
WGPPMPCO,7/16/2021,0.00,cfs,U,UNKNOWN
WGPPMPCO,7/17/2021,0.00,cfs,U,UNKNOWN
WGPPMPCO,7/18/2021,0.00,cfs,U,UNKNOWN
WGPPMPCO,7/19/2021,0.00,cfs,U,UNKNOWN
WGPPMPCO,7/20/2021,0.00,cfs,U,UNKNOWN
WGPPMPCO,7/21/2021,0.00,cfs,U,UNKNOWN
WGPPMPCO,7/22/2021,0.00,cfs,U,UNKNOWN
WGPPMPCO,7/23/2021,0.00,cfs,U,UNKNOWN
WGPPMPCO,7/24/2021,0.00,cfs,U,UNKNOWN
WGPPMPCO,7/25/2021,0.00,cfs,U,UNKNOWN
WGPPMPCO,7/26/2021,0.00,cfs,U,UNKNOWN
WGPPMPCO,7/27/2021,0.00,cfs,U,UNKNOWN
WGPPMPCO,7/28/2021,0.00,cfs,U,UNKNOWN
WGPPMPCO,7/29/2021,0.00,cfs,U,UNKNOWN
WGPPMPCO,7/30/2021,0.00,cfs,U,UNKNOWN
WGPPMPCO,7/31/2021,0.00,cfs,U,UNKNOWN
WGPPMPCO,8/1/2021,0.00,cfs,U,UNKNOWN
WGPPMPCO,8/2/2021,0.00,cfs,U,UNKNOWN
WGPPMPCO,8/3/2021,0.00,cfs,U,UNKNOWN
WGPPMPCO,8/4/2021,0.00,cfs,U,UNKNOWN
WGPPMPCO,8/5/2021,0.00,cfs,U,UNKNOWN
WGPPMPCO,8/6/2021,0.00,cfs,U,UNKNOWN
WGPPMPCO,8/7/2021,0.00,cfs,U,UNKNOWN
WGPPMPCO,8/8/2021,0.00,cfs,U,UNKNOWN
WGPPMPCO,8/9/2021,0.00,cfs,U,UNKNOWN
WGPPMPCO,8/10/2021,0.00,cfs,U,UNKNOWN
WGPPMPCO,8/11/2021,0.00,cfs,U,UNKNOWN
WGPPMPCO,8/12/2021,0.00,cfs,U,UNKNOWN
WGPPMPCO,8/13/2021,0.00,cfs,U,UNKNOWN
WGPPMPCO,8/14/2021,0.00,cfs,U,UNKNOWN
WGPPMPCO,8/15/2021,0.00,cfs,U,UNKNOWN
WGPPMPCO,8/16/2021,0.00,cfs,U,UNKNOWN
WGPPMPCO,8/17/2021,0.00,cfs,U,UNKNOWN
WGPPMPCO,8/18/2021,0.00,cfs,U,UNKNOWN
WGPPMPCO,8/19/2021,0.00,cfs,U,UNKNOWN
WGPPMPCO,8/20/2021,0.00,cfs,U,UNKNOWN
WGPPMPCO,8/21/2021,0.00,cfs,U,UNKNOWN
WGPPMPCO,8/22/2021,0.00,cfs,U,UNKNOWN
WGPPMPCO,8/23/2021,0.00,cfs,U,UNKNOWN
WGPPMPCO,8/24/2021,0.00,cfs,U,UNKNOWN
WGPPMPCO,8/25/2021,0.00,cfs,U,UNKNOWN
WGPPMPCO,8/26/2021,0.00,cfs,U,UNKNOWN
WGPPMPCO,8/27/2021,0.00,cfs,U,UNKNOWN
WGPPMPCO,8/28/2021,0.00,cfs,U,UNKNOWN
WGPPMPCO,8/29/2021,0.00,cfs,U,UNKNOWN
WGPPMPCO,8/30/2021,0.00,cfs,U,UNKNOWN
WGPPMPCO,8/31/2021,0.00,cfs,U,UNKNOWN
WGPPMPCO,9/1/2021,0.00,cfs,U,UNKNOWN
WGPPMPCO,9/2/2021,0.00,cfs,U,UNKNOWN
WGPPMPCO,9/3/2021,0.00,cfs,U,UNKNOWN
WGPPMPCO,9/4/2021,0.00,cfs,U,UNKNOWN
WGPPMPCO,9/5/2021,0.00,cfs,U,UNKNOWN
WGPPMPCO,9/6/2021,0.00,cfs,U,UNKNOWN
WGPPMPCO,9/7/2021,0.00,cfs,U,UNKNOWN
WGPPMPCO,9/8/2021,0.00,cfs,U,UNKNOWN
WGPPMPCO,9/9/2021,0.00,cfs,U,UNKNOWN
WGPPMPCO,9/10/2021,0.00,cfs,U,UNKNOWN
WGPPMPCO,9/11/2021,0.00,cfs,U,UNKNOWN
WGPPMPCO,9/12/2021,0.00,cfs,U,UNKNOWN
WGPPMPCO,9/13/2021,0.00,cfs,U,UNKNOWN
WGPPMPCO,9/14/2021,0.00,cfs,U,UNKNOWN
WGPPMPCO,9/15/2021,0.00,cfs,U,UNKNOWN
WGPPMPCO,9/16/2021,0.00,cfs,U,UNKNOWN
WGPPMPCO,9/17/2021,0.00,cfs,U,UNKNOWN
WGPPMPCO,9/18/2021,0.00,cfs,U,UNKNOWN
WGPPMPCO,9/19/2021,0.00,cfs,U,UNKNOWN
WGPPMPCO,9/20/2021,0.00,cfs,U,UNKNOWN
WGPPMPCO,9/21/2021,0.00,cfs,U,UNKNOWN
WGPPMPCO,9/22/2021,0.00,cfs,U,UNKNOWN
WGPPMPCO,9/23/2021,0.00,cfs,U,UNKNOWN
WGPPMPCO,9/24/2021,0.00,cfs,U,UNKNOWN
WGPPMPCO,9/25/2021,0.00,cfs,U,UNKNOWN
WGPPMPCO,9/26/2021,0.00,cfs,U,UNKNOWN
WGPPMPCO,9/27/2021,0.00,cfs,U,UNKNOWN
WGPPMPCO,9/28/2021,0.00,cfs,U,UNKNOWN
WGPPMPCO,9/29/2021,0.00,cfs,U,UNKNOWN
WGPPMPCO,9/30/2021,0.00,cfs,U,UNKNOWN
WGPPMPCO,10/1/2021,0.00,cfs,U,UNKNOWN
WGPPMPCO,10/2/2021,0.00,cfs,U,UNKNOWN
WGPPMPCO,10/3/2021,0.00,cfs,U,UNKNOWN
WGPPMPCO,10/4/2021,0.00,cfs,U,UNKNOWN
WGPPMPCO,10/5/2021,0.00,cfs,U,UNKNOWN
WGPPMPCO,10/6/2021,0.00,cfs,U,UNKNOWN
WGPPMPCO,10/7/2021,0.00,cfs,U,UNKNOWN
WGPPMPCO,10/8/2021,0.00,cfs,U,UNKNOWN
WGPPMPCO,10/9/2021,0.00,cfs,U,UNKNOWN
WGPPMPCO,10/10/2021,0.00,cfs,U,UNKNOWN
WGPPMPCO,10/11/2021,0.00,cfs,U,UNKNOWN
WGPPMPCO,10/12/2021,0.00,cfs,U,UNKNOWN
WGPPMPCO,10/13/2021,0.00,cfs,U,UNKNOWN
WGPPMPCO,10/14/2021,0.00,cfs,U,UNKNOWN
WGPPMPCO,10/15/2021,0.00,cfs,U,UNKNOWN
WGPPMPCO,10/16/2021,0.00,cfs,U,UNKNOWN
WGPPMPCO,10/17/2021,0.00,cfs,U,UNKNOWN
WGPPMPCO,10/18/2021,0.00,cfs,U,UNKNOWN
WGPPMPCO,10/19/2021,0.00,cfs,U,UNKNOWN
WGPPMPCO,10/20/2021,0.00,cfs,U,UNKNOWN
WGPPMPCO,10/21/2021,0.00,cfs,U,UNKNOWN
WGPPMPCO,10/22/2021,0.00,cfs,U,UNKNOWN
WGPPMPCO,10/23/2021,0.00,cfs,U,UNKNOWN
WGPPMPCO,10/24/2021,0.00,cfs,U,UNKNOWN
WGPPMPCO,10/25/2021,0.00,cfs,U,UNKNOWN
WGPPMPCO,10/26/2021,0.00,cfs,U,UNKNOWN
WGPPMPCO,10/27/2021,0.00,cfs,U,UNKNOWN
WGPPMPCO,10/28/2021,0.00,cfs,U,UNKNOWN
WGPPMPCO,10/29/2021,0.00,cfs,U,UNKNOWN
WGPPMPCO,10/30/2021,0.00,cfs,U,UNKNOWN
WGPPMPCO,10/31/2021,0.00,cfs,U,UNKNOWN
WGPPMPCO,11/1/2021,0.00,cfs,U,UNKNOWN
WGPPMPCO,11/2/2021,0.00,cfs,U,UNKNOWN
WGPPMPCO,11/3/2021,0.00,cfs,U,UNKNOWN
WGPPMPCO,11/4/2021,0.00,cfs,U,UNKNOWN
WGPPMPCO,11/5/2021,0.00,cfs,U,UNKNOWN
WGPPMPCO,11/6/2021,0.00,cfs,U,UNKNOWN
WGPPMPCO,11/7/2021,0.00,cfs,U,UNKNOWN
WGPPMPCO,11/8/2021,0.00,cfs,U,UNKNOWN
WGPPMPCO,11/9/2021,0.00,cfs,U,UNKNOWN
WGPPMPCO,11/10/2021,0.00,cfs,U,UNKNOWN
WGPPMPCO,11/11/2021,0.00,cfs,U,UNKNOWN
WGPPMPCO,11/12/2021,0.00,cfs,U,UNKNOWN
WGPPMPCO,11/13/2021,0.00,cfs,U,UNKNOWN
WGPPMPCO,11/14/2021,0.00,cfs,U,UNKNOWN
WGPPMPCO,11/15/2021,0.00,cfs,U,UNKNOWN
WGPPMPCO,11/16/2021,0.00,cfs,U,UNKNOWN
WGPPMPCO,11/17/2021,0.00,cfs,U,UNKNOWN
WGPPMPCO,11/18/2021,0.00,cfs,U,UNKNOWN
WGPPMPCO,11/19/2021,0.00,cfs,U,UNKNOWN
WGPPMPCO,11/20/2021,0.00,cfs,U,UNKNOWN
WGPPMPCO,11/21/2021,0.00,cfs,U,UNKNOWN
WGPPMPCO,11/22/2021,0.00,cfs,U,UNKNOWN
WGPPMPCO,11/23/2021,0.00,cfs,U,UNKNOWN
WGPPMPCO,11/24/2021,0.00,cfs,U,UNKNOWN
WGPPMPCO,11/25/2021,0.00,cfs,U,UNKNOWN
WGPPMPCO,11/26/2021,0.00,cfs,U,UNKNOWN
WGPPMPCO,11/27/2021,0.00,cfs,U,UNKNOWN
WGPPMPCO,11/28/2021,0.00,cfs,U,UNKNOWN
WGPPMPCO,11/29/2021,0.00,cfs,U,UNKNOWN
WGPPMPCO,11/30/2021,0.00,cfs,U,UNKNOWN
WGPPMPCO,12/1/2021,0.00,cfs,U,UNKNOWN
WGPPMPCO,12/2/2021,0.00,cfs,U,UNKNOWN
WGPPMPCO,12/3/2021,0.00,cfs,U,UNKNOWN
WGPPMPCO,12/4/2021,0.00,cfs,U,UNKNOWN
WGPPMPCO,12/5/2021,0.00,cfs,U,UNKNOWN
WGPPMPCO,12/6/2021,0.00,cfs,U,UNKNOWN
WGPPMPCO,12/7/2021,0.00,cfs,U,UNKNOWN
WGPPMPCO,12/8/2021,0.00,cfs,U,UNKNOWN
WGPPMPCO,12/9/2021,0.00,cfs,U,UNKNOWN
WGPPMPCO,12/10/2021,0.00,cfs,U,UNKNOWN
WGPPMPCO,12/11/2021,0.00,cfs,U,UNKNOWN
WGPPMPCO,12/12/2021,0.00,cfs,U,UNKNOWN
WGPPMPCO,12/13/2021,0.00,cfs,U,UNKNOWN
WGPPMPCO,12/14/2021,0.00,cfs,U,UNKNOWN
WGPPMPCO,12/15/2021,0.00,cfs,U,UNKNOWN
WGPPMPCO,12/16/2021,0.00,cfs,U,UNKNOWN
WGPPMPCO,12/17/2021,0.00,cfs,U,UNKNOWN
WGPPMPCO,12/18/2021,0.00,cfs,U,UNKNOWN
WGPPMPCO,12/19/2021,0.00,cfs,U,UNKNOWN
WGPPMPCO,12/20/2021,0.00,cfs,U,UNKNOWN
WGPPMPCO,12/21/2021,0.00,cfs,U,UNKNOWN
WGPPMPCO,12/22/2021,0.00,cfs,U,UNKNOWN
WGPPMPCO,12/23/2021,0.00,cfs,U,UNKNOWN
WGPPMPCO,12/24/2021,0.00,cfs,U,UNKNOWN
WGPPMPCO,12/25/2021,0.00,cfs,U,UNKNOWN
WGPPMPCO,12/26/2021,0.00,cfs,U,UNKNOWN
WGPPMPCO,12/27/2021,0.00,cfs,U,UNKNOWN
WGPPMPCO,12/28/2021,0.00,cfs,U,UNKNOWN
WGPPMPCO,12/29/2021,0.00,cfs,U,UNKNOWN
WGPPMPCO,12/30/2021,0.00,cfs,U,UNKNOWN
WGPPMPCO,12/31/2021,0.00,cfs,U,UNKNOWN
WGPPMPCO,1/1/2022,0.00,cfs,U,UNKNOWN
WGPPMPCO,1/2/2022,0.00,cfs,U,UNKNOWN
WGPPMPCO,1/3/2022,0.00,cfs,U,UNKNOWN
WGPPMPCO,1/4/2022,0.00,cfs,U,UNKNOWN
WGPPMPCO,1/5/2022,0.00,cfs,U,UNKNOWN
WGPPMPCO,1/6/2022,0.00,cfs,U,UNKNOWN
WGPPMPCO,1/7/2022,0.00,cfs,U,UNKNOWN
WGPPMPCO,1/8/2022,0.00,cfs,U,UNKNOWN
WGPPMPCO,1/9/2022,0.00,cfs,U,UNKNOWN
WGPPMPCO,1/10/2022,0.00,cfs,U,UNKNOWN
WGPPMPCO,1/11/2022,0.00,cfs,U,UNKNOWN
WGPPMPCO,1/12/2022,0.00,cfs,U,UNKNOWN
WGPPMPCO,1/13/2022,0.00,cfs,U,UNKNOWN
WGPPMPCO,1/14/2022,0.00,cfs,U,UNKNOWN
WGPPMPCO,1/15/2022,0.00,cfs,U,UNKNOWN
WGPPMPCO,1/16/2022,0.00,cfs,U,UNKNOWN
WGPPMPCO,1/17/2022,0.00,cfs,U,UNKNOWN
WGPPMPCO,1/18/2022,0.00,cfs,U,UNKNOWN
WGPPMPCO,1/19/2022,0.00,cfs,U,UNKNOWN
WGPPMPCO,1/20/2022,0.00,cfs,U,UNKNOWN
WGPPMPCO,1/21/2022,0.00,cfs,U,UNKNOWN
WGPPMPCO,1/22/2022,0.00,cfs,U,UNKNOWN
WGPPMPCO,1/23/2022,0.00,cfs,U,UNKNOWN
WGPPMPCO,1/24/2022,0.00,cfs,U,UNKNOWN
WGPPMPCO,1/25/2022,0.00,cfs,U,UNKNOWN
WGPPMPCO,1/26/2022,0.00,cfs,U,UNKNOWN
WGPPMPCO,1/27/2022,0.00,cfs,U,UNKNOWN
WGPPMPCO,1/28/2022,0.00,cfs,U,UNKNOWN
WGPPMPCO,1/29/2022,0.00,cfs,U,UNKNOWN
WGPPMPCO,1/30/2022,0.00,cfs,U,UNKNOWN
WGPPMPCO,1/31/2022,0.00,cfs,U,UNKNOWN
WGPPMPCO,2/1/2022,0.00,cfs,U,UNKNOWN
WGPPMPCO,2/2/2022,0.00,cfs,U,UNKNOWN
WGPPMPCO,2/3/2022,0.00,cfs,U,UNKNOWN
WGPPMPCO,2/4/2022,0.00,cfs,U,UNKNOWN
WGPPMPCO,2/5/2022,0.00,cfs,U,UNKNOWN
WGPPMPCO,2/6/2022,0.00,cfs,U,UNKNOWN
WGPPMPCO,2/7/2022,0.00,cfs,U,UNKNOWN
WGPPMPCO,2/8/2022,0.00,cfs,U,UNKNOWN
WGPPMPCO,2/9/2022,0.00,cfs,U,UNKNOWN
WGPPMPCO,2/10/2022,0.00,cfs,U,UNKNOWN
WGPPMPCO,2/11/2022,0.00,cfs,U,UNKNOWN
WGPPMPCO,2/12/2022,0.00,cfs,U,UNKNOWN
WGPPMPCO,2/13/2022,0.00,cfs,U,UNKNOWN
WGPPMPCO,2/14/2022,0.00,cfs,U,UNKNOWN
WGPPMPCO,2/15/2022,0.00,cfs,U,UNKNOWN
WGPPMPCO,2/16/2022,0.00,cfs,U,UNKNOWN
WGPPMPCO,2/17/2022,0.00,cfs,U,UNKNOWN
WGPPMPCO,2/18/2022,0.00,cfs,U,UNKNOWN
WGPPMPCO,2/19/2022,0.00,cfs,U,UNKNOWN
WGPPMPCO,2/20/2022,0.00,cfs,U,UNKNOWN
WGPPMPCO,2/21/2022,0.00,cfs,U,UNKNOWN
WGPPMPCO,2/22/2022,0.00,cfs,U,UNKNOWN
WGPPMPCO,2/23/2022,0.00,cfs,U,UNKNOWN
WGPPMPCO,2/24/2022,0.00,cfs,U,UNKNOWN
WGPPMPCO,2/25/2022,0.00,cfs,U,UNKNOWN
WGPPMPCO,2/26/2022,0.00,cfs,U,UNKNOWN
WGPPMPCO,2/27/2022,0.00,cfs,U,UNKNOWN
WGPPMPCO,2/28/2022,0.00,cfs,U,UNKNOWN
WGPPMPCO,3/1/2022,0.00,cfs,U,UNKNOWN
WGPPMPCO,3/2/2022,0.00,cfs,U,UNKNOWN
WGPPMPCO,3/3/2022,0.00,cfs,U,UNKNOWN
WGPPMPCO,3/4/2022,0.00,cfs,U,UNKNOWN
WGPPMPCO,3/5/2022,0.00,cfs,U,UNKNOWN
WGPPMPCO,3/6/2022,0.00,cfs,U,UNKNOWN
WGPPMPCO,3/7/2022,0.00,cfs,U,UNKNOWN
WGPPMPCO,3/8/2022,0.00,cfs,U,UNKNOWN
WGPPMPCO,3/9/2022,0.00,cfs,U,UNKNOWN
WGPPMPCO,3/10/2022,0.00,cfs,U,UNKNOWN
WGPPMPCO,3/11/2022,0.00,cfs,U,UNKNOWN
WGPPMPCO,3/12/2022,0.00,cfs,U,UNKNOWN
WGPPMPCO,3/13/2022,0.00,cfs,U,UNKNOWN
WGPPMPCO,3/14/2022,0.00,cfs,U,UNKNOWN
WGPPMPCO,3/15/2022,0.00,cfs,U,UNKNOWN
WGPPMPCO,3/16/2022,0.00,cfs,U,UNKNOWN
WGPPMPCO,3/17/2022,0.00,cfs,U,UNKNOWN
WGPPMPCO,3/18/2022,0.00,cfs,U,UNKNOWN
WGPPMPCO,3/19/2022,0.00,cfs,U,UNKNOWN
WGPPMPCO,3/20/2022,0.00,cfs,U,UNKNOWN
WGPPMPCO,3/21/2022,0.00,cfs,U,UNKNOWN
WGPPMPCO,3/22/2022,0.00,cfs,U,UNKNOWN
WGPPMPCO,3/23/2022,0.00,cfs,U,UNKNOWN
WGPPMPCO,3/24/2022,0.00,cfs,U,UNKNOWN
WGPPMPCO,3/25/2022,0.00,cfs,U,UNKNOWN
WGPPMPCO,3/26/2022,0.00,cfs,U,UNKNOWN
WGPPMPCO,3/27/2022,0.00,cfs,U,UNKNOWN
WGPPMPCO,3/28/2022,0.00,cfs,U,UNKNOWN
WGPPMPCO,3/29/2022,0.00,cfs,U,UNKNOWN
WGPPMPCO,3/30/2022,0.00,cfs,U,UNKNOWN
WGPPMPCO,3/31/2022,0.00,cfs,U,UNKNOWN
WGPPMPCO,4/1/2022,0.00,cfs,U,UNKNOWN
WGPPMPCO,4/2/2022,0.00,cfs,U,UNKNOWN
WGPPMPCO,4/3/2022,0.00,cfs,U,UNKNOWN
WGPPMPCO,4/4/2022,0.00,cfs,U,UNKNOWN
WGPPMPCO,4/5/2022,0.00,cfs,U,UNKNOWN
WGPPMPCO,4/6/2022,0.00,cfs,U,UNKNOWN
WGPPMPCO,4/7/2022,0.00,cfs,U,UNKNOWN
WGPPMPCO,4/8/2022,0.00,cfs,U,UNKNOWN
WGPPMPCO,4/9/2022,0.00,cfs,U,UNKNOWN
WGPPMPCO,4/10/2022,0.00,cfs,U,UNKNOWN
WGPPMPCO,4/11/2022,0.00,cfs,U,UNKNOWN
WGPPMPCO,4/12/2022,0.00,cfs,U,UNKNOWN
WGPPMPCO,4/13/2022,0.00,cfs,U,UNKNOWN
WGPPMPCO,4/14/2022,0.00,cfs,U,UNKNOWN
WGPPMPCO,4/15/2022,0.00,cfs,U,UNKNOWN
WGPPMPCO,4/16/2022,0.00,cfs,U,UNKNOWN
WGPPMPCO,4/17/2022,0.00,cfs,U,UNKNOWN
WGPPMPCO,4/18/2022,0.00,cfs,U,UNKNOWN
WGPPMPCO,4/19/2022,0.00,cfs,U,UNKNOWN
WGPPMPCO,4/20/2022,81.50,cfs,U,UNKNOWN
WGPPMPCO,4/21/2022,335.00,cfs,U,UNKNOWN
WGPPMPCO,4/22/2022,333.00,cfs,U,UNKNOWN
WGPPMPCO,4/23/2022,137.00,cfs,U,UNKNOWN
WGPPMPCO,4/24/2022,0.00,cfs,U,UNKNOWN
WGPPMPCO,4/25/2022,0.00,cfs,U,UNKNOWN
WGPPMPCO,4/26/2022,156.00,cfs,U,UNKNOWN
WGPPMPCO,4/27/2022,174.00,cfs,U,UNKNOWN
WGPPMPCO,4/28/2022,174.00,cfs,U,UNKNOWN
WGPPMPCO,4/29/2022,175.00,cfs,U,UNKNOWN
WGPPMPCO,4/30/2022,175.00,cfs,U,UNKNOWN
WGPPMPCO,5/1/2022,193.00,cfs,U,UNKNOWN
WGPPMPCO,5/2/2022,339.00,cfs,U,UNKNOWN
WGPPMPCO,5/3/2022,220.00,cfs,U,UNKNOWN
WGPPMPCO,5/4/2022,275.00,cfs,U,UNKNOWN
WGPPMPCO,5/5/2022,336.00,cfs,U,UNKNOWN
WGPPMPCO,5/6/2022,336.00,cfs,U,UNKNOWN
WGPPMPCO,5/7/2022,336.00,cfs,U,UNKNOWN
WGPPMPCO,5/8/2022,538.00,cfs,U,UNKNOWN
WGPPMPCO,5/9/2022,570.00,cfs,U,UNKNOWN
WGPPMPCO,5/10/2022,570.00,cfs,U,UNKNOWN
WGPPMPCO,5/11/2022,571.00,cfs,U,UNKNOWN
WGPPMPCO,5/12/2022,572.00,cfs,U,UNKNOWN
WGPPMPCO,5/13/2022,572.00,cfs,U,UNKNOWN
WGPPMPCO,5/14/2022,571.00,cfs,U,UNKNOWN
WGPPMPCO,5/15/2022,571.00,cfs,U,UNKNOWN
WGPPMPCO,5/16/2022,572.00,cfs,U,UNKNOWN
WGPPMPCO,5/17/2022,572.00,cfs,U,UNKNOWN
WGPPMPCO,5/18/2022,572.00,cfs,U,UNKNOWN
WGPPMPCO,5/19/2022,571.00,cfs,U,UNKNOWN
WGPPMPCO,5/20/2022,573.00,cfs,U,UNKNOWN
WGPPMPCO,5/21/2022,572.00,cfs,U,UNKNOWN
WGPPMPCO,5/22/2022,541.00,cfs,U,UNKNOWN
WGPPMPCO,5/23/2022,409.00,cfs,U,UNKNOWN
WGPPMPCO,5/24/2022,376.00,cfs,U,UNKNOWN
WGPPMPCO,5/25/2022,336.00,cfs,U,UNKNOWN
WGPPMPCO,5/26/2022,310.00,cfs,U,UNKNOWN
WGPPMPCO,5/27/2022,257.00,cfs,U,UNKNOWN
WGPPMPCO,5/28/2022,302.00,cfs,U,UNKNOWN
WGPPMPCO,5/29/2022,260.00,cfs,U,UNKNOWN
WGPPMPCO,5/30/2022,458.00,cfs,U,UNKNOWN
WGPPMPCO,5/31/2022,418.00,cfs,U,UNKNOWN
WGPPMPCO,6/1/2022,334.00,cfs,U,UNKNOWN
WGPPMPCO,6/2/2022,333.00,cfs,U,UNKNOWN
WGPPMPCO,6/3/2022,334.00,cfs,U,UNKNOWN
WGPPMPCO,6/4/2022,418.00,cfs,U,UNKNOWN
WGPPMPCO,6/5/2022,524.00,cfs,U,UNKNOWN
WGPPMPCO,6/6/2022,560.00,cfs,U,UNKNOWN
WGPPMPCO,6/7/2022,521.00,cfs,U,UNKNOWN
WGPPMPCO,6/8/2022,382.00,cfs,U,UNKNOWN
WGPPMPCO,6/9/2022,288.00,cfs,U,UNKNOWN
WGPPMPCO,6/10/2022,173.00,cfs,U,UNKNOWN
WGPPMPCO,6/11/2022,173.00,cfs,U,UNKNOWN
WGPPMPCO,6/12/2022,356.00,cfs,U,UNKNOWN
WGPPMPCO,6/13/2022,444.00,cfs,U,UNKNOWN
WGPPMPCO,6/14/2022,0.15,cfs,U,UNKNOWN
WGPPMPCO,6/15/2022,0.00,cfs,U,UNKNOWN
WGPPMPCO,6/16/2022,0.00,cfs,U,UNKNOWN
WGPPMPCO,6/17/2022,0.00,cfs,U,UNKNOWN
WGPPMPCO,6/18/2022,0.07,cfs,U,UNKNOWN
WGPPMPCO,6/19/2022,0.02,cfs,U,UNKNOWN
WGPPMPCO,6/20/2022,0.08,cfs,U,UNKNOWN
WGPPMPCO,6/21/2022,0.00,cfs,U,UNKNOWN
WGPPMPCO,6/22/2022,0.00,cfs,U,UNKNOWN
WGPPMPCO,6/23/2022,0.00,cfs,U,UNKNOWN
WGPPMPCO,6/24/2022,0.00,cfs,U,UNKNOWN
WGPPMPCO,6/25/2022,0.00,cfs,U,UNKNOWN
WGPPMPCO,6/26/2022,0.01,cfs,U,UNKNOWN
WGPPMPCO,6/27/2022,0.01,cfs,U,UNKNOWN
WGPPMPCO,6/28/2022,0.02,cfs,U,UNKNOWN
WGPPMPCO,6/29/2022,0.04,cfs,U,UNKNOWN
WGPPMPCO,6/30/2022,0.09,cfs,U,UNKNOWN
WGPPMPCO,7/1/2022,0.00,cfs,U,UNKNOWN
WGPPMPCO,7/2/2022,0.01,cfs,U,UNKNOWN
WGPPMPCO,7/3/2022,0.03,cfs,U,UNKNOWN
WGPPMPCO,7/4/2022,0.01,cfs,U,UNKNOWN
WGPPMPCO,7/5/2022,0.00,cfs,U,UNKNOWN
WGPPMPCO,7/6/2022,0.00,cfs,U,UNKNOWN
WGPPMPCO,7/7/2022,0.00,cfs,U,UNKNOWN
WGPPMPCO,7/8/2022,0.00,cfs,U,UNKNOWN
WGPPMPCO,7/9/2022,0.00,cfs,U,UNKNOWN
WGPPMPCO,7/10/2022,0.02,cfs,U,UNKNOWN
WGPPMPCO,7/11/2022,0.02,cfs,U,UNKNOWN
WGPPMPCO,7/12/2022,0.13,cfs,U,UNKNOWN
WGPPMPCO,7/13/2022,0.02,cfs,U,UNKNOWN
WGPPMPCO,7/14/2022,0.04,cfs,U,UNKNOWN
WGPPMPCO,7/15/2022,0.01,cfs,U,UNKNOWN
WGPPMPCO,7/16/2022,0.07,cfs,U,UNKNOWN
WGPPMPCO,7/17/2022,0.00,cfs,U,UNKNOWN
WGPPMPCO,7/18/2022,0.01,cfs,U,UNKNOWN
WGPPMPCO,7/19/2022,0.01,cfs,U,UNKNOWN
WGPPMPCO,7/20/2022,0.02,cfs,U,UNKNOWN
WGPPMPCO,7/21/2022,0.00,cfs,U,UNKNOWN
WGPPMPCO,7/22/2022,0.00,cfs,U,UNKNOWN
WGPPMPCO,7/23/2022,0.07,cfs,U,UNKNOWN
WGPPMPCO,7/24/2022,0.05,cfs,U,UNKNOWN
WGPPMPCO,7/25/2022,0.01,cfs,U,UNKNOWN
WGPPMPCO,7/26/2022,0.00,cfs,U,UNKNOWN
WGPPMPCO,7/27/2022,0.00,cfs,U,UNKNOWN
WGPPMPCO,7/28/2022,0.04,cfs,U,UNKNOWN
WGPPMPCO,7/29/2022,0.01,cfs,U,UNKNOWN
WGPPMPCO,7/30/2022,0.00,cfs,U,UNKNOWN
WGPPMPCO,7/31/2022,0.00,cfs,U,UNKNOWN
WGPPMPCO,8/1/2022,0.00,cfs,U,UNKNOWN
WGPPMPCO,8/2/2022,0.04,cfs,U,UNKNOWN
WGPPMPCO,8/3/2022,0.02,cfs,U,UNKNOWN
WGPPMPCO,8/4/2022,0.00,cfs,U,UNKNOWN
WGPPMPCO,8/5/2022,0.00,cfs,U,UNKNOWN
WGPPMPCO,8/6/2022,0.00,cfs,U,UNKNOWN
WGPPMPCO,8/7/2022,0.00,cfs,U,UNKNOWN
WGPPMPCO,8/8/2022,0.03,cfs,U,UNKNOWN
WGPPMPCO,8/9/2022,0.01,cfs,U,UNKNOWN
WGPPMPCO,8/10/2022,0.00,cfs,U,UNKNOWN
WGPPMPCO,8/11/2022,0.01,cfs,U,UNKNOWN
WGPPMPCO,8/12/2022,0.00,cfs,U,UNKNOWN
WGPPMPCO,8/13/2022,0.00,cfs,U,UNKNOWN
WGPPMPCO,8/14/2022,0.01,cfs,U,UNKNOWN
WGPPMPCO,8/15/2022,0.00,cfs,U,UNKNOWN
WGPPMPCO,8/16/2022,0.00,cfs,U,UNKNOWN
WGPPMPCO,8/17/2022,0.00,cfs,U,UNKNOWN
WGPPMPCO,8/18/2022,0.00,cfs,U,UNKNOWN
WGPPMPCO,8/19/2022,0.00,cfs,U,UNKNOWN
WGPPMPCO,8/20/2022,0.00,cfs,U,UNKNOWN
WGPPMPCO,8/21/2022,0.00,cfs,U,UNKNOWN
WGPPMPCO,8/22/2022,0.00,cfs,U,UNKNOWN
WGPPMPCO,8/23/2022,0.00,cfs,U,UNKNOWN
WGPPMPCO,8/24/2022,0.00,cfs,U,UNKNOWN
WGPPMPCO,8/25/2022,0.00,cfs,U,UNKNOWN
WGPPMPCO,8/26/2022,0.00,cfs,U,UNKNOWN
WGPPMPCO,8/27/2022,0.00,cfs,U,UNKNOWN
WGPPMPCO,8/28/2022,0.00,cfs,U,UNKNOWN
WGPPMPCO,8/29/2022,0.00,cfs,U,UNKNOWN
WGPPMPCO,8/30/2022,0.00,cfs,U,UNKNOWN
WGPPMPCO,8/31/2022,0.00,cfs,U,UNKNOWN
WGPPMPCO,9/1/2022,0.00,cfs,U,UNKNOWN
WGPPMPCO,9/2/2022,0.00,cfs,U,UNKNOWN
WGPPMPCO,9/3/2022,0.00,cfs,U,UNKNOWN
WGPPMPCO,9/4/2022,0.00,cfs,U,UNKNOWN
WGPPMPCO,9/5/2022,0.00,cfs,U,UNKNOWN
WGPPMPCO,9/6/2022,0.00,cfs,U,UNKNOWN
WGPPMPCO,9/7/2022,0.00,cfs,U,UNKNOWN
WGPPMPCO,9/8/2022,0.00,cfs,U,UNKNOWN
WGPPMPCO,9/9/2022,0.00,cfs,U,UNKNOWN
WGPPMPCO,9/10/2022,0.00,cfs,U,UNKNOWN
WGPPMPCO,9/11/2022,0.00,cfs,U,UNKNOWN
WGPPMPCO,9/12/2022,0.00,cfs,U,UNKNOWN
WGPPMPCO,9/13/2022,0.00,cfs,U,UNKNOWN
WGPPMPCO,9/14/2022,0.00,cfs,U,UNKNOWN
WGPPMPCO,9/15/2022,0.00,cfs,U,UNKNOWN
WGPPMPCO,9/16/2022,0.00,cfs,U,UNKNOWN
WGPPMPCO,9/17/2022,0.00,cfs,U,UNKNOWN
WGPPMPCO,9/18/2022,0.00,cfs,U,UNKNOWN
WGPPMPCO,9/19/2022,0.00,cfs,U,UNKNOWN
WGPPMPCO,9/20/2022,0.00,cfs,U,UNKNOWN
WGPPMPCO,9/21/2022,0.00,cfs,U,UNKNOWN
WGPPMPCO,9/22/2022,0.00,cfs,U,UNKNOWN
WGPPMPCO,9/23/2022,0.00,cfs,U,UNKNOWN
WGPPMPCO,9/24/2022,0.00,cfs,U,UNKNOWN
WGPPMPCO,9/25/2022,0.00,cfs,U,UNKNOWN
WGPPMPCO,9/26/2022,0.00,cfs,U,UNKNOWN
WGPPMPCO,9/27/2022,0.00,cfs,U,UNKNOWN
WGPPMPCO,9/28/2022,0.00,cfs,U,UNKNOWN
WGPPMPCO,9/29/2022,0.00,cfs,U,UNKNOWN
WGPPMPCO,9/30/2022,0.00,cfs,U,UNKNOWN
WGPPMPCO,10/1/2022,0.00,cfs,U,UNKNOWN
WGPPMPCO,10/2/2022,0.00,cfs,U,UNKNOWN
WGPPMPCO,10/3/2022,0.00,cfs,U,UNKNOWN
WGPPMPCO,10/4/2022,,,,
WGPPMPCO,10/5/2022,,,,
WGPPMPCO,10/6/2022,,,,
WGPPMPCO,10/7/2022,,,,
WGPPMPCO,10/8/2022,,,,
WGPPMPCO,10/9/2022,,,,
WGPPMPCO,10/10/2022,0.00,cfs,U,UNKNOWN
WGPPMPCO,10/11/2022,0.00,cfs,U,UNKNOWN
WGPPMPCO,10/12/2022,0.00,cfs,U,UNKNOWN
WGPPMPCO,10/13/2022,0.00,cfs,U,UNKNOWN
WGPPMPCO,10/14/2022,0.00,cfs,U,UNKNOWN
WGPPMPCO,10/15/2022,0.00,cfs,U,UNKNOWN
WGPPMPCO,10/16/2022,0.00,cfs,U,UNKNOWN
WGPPMPCO,10/17/2022,0.00,cfs,U,UNKNOWN
WGPPMPCO,10/18/2022,0.00,cfs,U,UNKNOWN
WGPPMPCO,10/19/2022,0.00,cfs,U,UNKNOWN
WGPPMPCO,10/20/2022,0.00,cfs,U,UNKNOWN
WGPPMPCO,10/21/2022,0.00,cfs,U,UNKNOWN
WGPPMPCO,10/22/2022,0.00,cfs,U,UNKNOWN
WGPPMPCO,10/23/2022,0.00,cfs,U,UNKNOWN
WGPPMPCO,10/24/2022,0.00,cfs,U,UNKNOWN
WGPPMPCO,10/25/2022,0.00,cfs,U,UNKNOWN
WGPPMPCO,10/26/2022,0.00,cfs,U,UNKNOWN
WGPPMPCO,10/27/2022,0.00,cfs,U,UNKNOWN
WGPPMPCO,10/28/2022,0.00,cfs,U,UNKNOWN
WGPPMPCO,10/29/2022,0.00,cfs,U,UNKNOWN
WGPPMPCO,10/30/2022,0.00,cfs,U,UNKNOWN
WGPPMPCO,10/31/2022,0.00,cfs,U,UNKNOWN
WGPPMPCO,11/1/2022,0.00,cfs,U,UNKNOWN
WGPPMPCO,11/2/2022,0.00,cfs,U,UNKNOWN
WGPPMPCO,11/3/2022,0.00,cfs,U,UNKNOWN
WGPPMPCO,11/4/2022,0.00,cfs,U,UNKNOWN
WGPPMPCO,11/5/2022,0.00,cfs,U,UNKNOWN
WGPPMPCO,11/6/2022,0.00,cfs,U,UNKNOWN
WGPPMPCO,11/7/2022,0.00,cfs,U,UNKNOWN
WGPPMPCO,11/8/2022,0.00,cfs,U,UNKNOWN
WGPPMPCO,11/9/2022,0.00,cfs,U,UNKNOWN
WGPPMPCO,11/10/2022,0.00,cfs,U,UNKNOWN
WGPPMPCO,11/11/2022,0.00,cfs,U,UNKNOWN
WGPPMPCO,11/12/2022,0.00,cfs,U,UNKNOWN
WGPPMPCO,11/13/2022,0.00,cfs,U,UNKNOWN
WGPPMPCO,11/14/2022,0.00,cfs,U,UNKNOWN
WGPPMPCO,11/15/2022,0.00,cfs,U,UNKNOWN
WGPPMPCO,11/16/2022,0.00,cfs,U,UNKNOWN
WGPPMPCO,11/17/2022,0.00,cfs,U,UNKNOWN
WGPPMPCO,11/18/2022,0.00,cfs,U,UNKNOWN
WGPPMPCO,11/19/2022,0.00,cfs,U,UNKNOWN
WGPPMPCO,11/20/2022,0.00,cfs,U,UNKNOWN
WGPPMPCO,11/21/2022,0.00,cfs,U,UNKNOWN
WGPPMPCO,11/22/2022,0.00,cfs,U,UNKNOWN
WGPPMPCO,11/23/2022,0.00,cfs,U,UNKNOWN
WGPPMPCO,11/24/2022,0.00,cfs,U,UNKNOWN
WGPPMPCO,11/25/2022,0.00,cfs,U,UNKNOWN
WGPPMPCO,11/26/2022,0.00,cfs,U,UNKNOWN
WGPPMPCO,11/27/2022,0.00,cfs,U,UNKNOWN
WGPPMPCO,11/28/2022,0.00,cfs,U,UNKNOWN
WGPPMPCO,11/29/2022,0.00,cfs,U,UNKNOWN
WGPPMPCO,11/30/2022,0.00,cfs,U,UNKNOWN
WGPPMPCO,12/1/2022,0.00,cfs,U,UNKNOWN
WGPPMPCO,12/2/2022,0.00,cfs,U,UNKNOWN
WGPPMPCO,12/3/2022,0.00,cfs,U,UNKNOWN
WGPPMPCO,12/4/2022,0.00,cfs,U,UNKNOWN
WGPPMPCO,12/5/2022,0.00,cfs,U,UNKNOWN
WGPPMPCO,12/6/2022,0.00,cfs,U,UNKNOWN
WGPPMPCO,12/7/2022,0.00,cfs,U,UNKNOWN
WGPPMPCO,12/8/2022,0.00,cfs,U,UNKNOWN
WGPPMPCO,12/9/2022,0.00,cfs,U,UNKNOWN
WGPPMPCO,12/10/2022,0.00,cfs,U,UNKNOWN
WGPPMPCO,12/11/2022,0.00,cfs,U,UNKNOWN
WGPPMPCO,12/12/2022,0.00,cfs,U,UNKNOWN
WGPPMPCO,12/13/2022,0.00,cfs,U,UNKNOWN
WGPPMPCO,12/14/2022,0.00,cfs,U,UNKNOWN
WGPPMPCO,12/15/2022,0.00,cfs,U,UNKNOWN
WGPPMPCO,12/16/2022,0.00,cfs,U,UNKNOWN
WGPPMPCO,12/17/2022,0.00,cfs,U,UNKNOWN
WGPPMPCO,12/18/2022,0.00,cfs,U,UNKNOWN
WGPPMPCO,12/19/2022,0.00,cfs,U,UNKNOWN
WGPPMPCO,12/20/2022,0.00,cfs,U,UNKNOWN
WGPPMPCO,12/21/2022,0.00,cfs,U,UNKNOWN
WGPPMPCO,12/22/2022,0.00,cfs,U,UNKNOWN
WGPPMPCO,12/23/2022,0.00,cfs,U,UNKNOWN
WGPPMPCO,12/24/2022,0.00,cfs,U,UNKNOWN
WGPPMPCO,12/25/2022,0.00,cfs,U,UNKNOWN
WGPPMPCO,12/26/2022,0.00,cfs,U,UNKNOWN
WGPPMPCO,12/27/2022,0.00,cfs,U,UNKNOWN
WGPPMPCO,12/28/2022,0.00,cfs,U,UNKNOWN
WGPPMPCO,12/29/2022,0.00,cfs,U,UNKNOWN
WGPPMPCO,12/30/2022,0.00,cfs,U,UNKNOWN
WGPPMPCO,12/31/2022,0.00,cfs,U,UNKNOWN
WGPPMPCO,1/1/2023,0.00,cfs,U,UNKNOWN
WGPPMPCO,1/2/2023,0.00,cfs,U,UNKNOWN
WGPPMPCO,1/3/2023,0.00,cfs,U,UNKNOWN
WGPPMPCO,1/4/2023,0.00,cfs,U,UNKNOWN
WGPPMPCO,1/5/2023,0.00,cfs,U,UNKNOWN
WGPPMPCO,1/6/2023,0.00,cfs,U,UNKNOWN
WGPPMPCO,1/7/2023,0.00,cfs,U,UNKNOWN
WGPPMPCO,1/8/2023,0.00,cfs,U,UNKNOWN
WGPPMPCO,1/9/2023,0.00,cfs,U,UNKNOWN
WGPPMPCO,1/10/2023,0.00,cfs,U,UNKNOWN
WGPPMPCO,1/11/2023,0.00,cfs,U,UNKNOWN
WGPPMPCO,1/12/2023,0.00,cfs,U,UNKNOWN
WGPPMPCO,1/13/2023,0.00,cfs,U,UNKNOWN
WGPPMPCO,1/14/2023,0.00,cfs,U,UNKNOWN
WGPPMPCO,1/15/2023,0.00,cfs,U,UNKNOWN
WGPPMPCO,1/16/2023,0.00,cfs,U,UNKNOWN
WGPPMPCO,1/17/2023,0.00,cfs,U,UNKNOWN
WGPPMPCO,1/18/2023,0.00,cfs,U,UNKNOWN
WGPPMPCO,1/19/2023,0.00,cfs,U,UNKNOWN
WGPPMPCO,1/20/2023,0.00,cfs,U,UNKNOWN
WGPPMPCO,1/21/2023,0.00,cfs,U,UNKNOWN
WGPPMPCO,1/22/2023,0.00,cfs,U,UNKNOWN
WGPPMPCO,1/23/2023,0.00,cfs,U,UNKNOWN
WGPPMPCO,1/24/2023,0.00,cfs,U,UNKNOWN
WGPPMPCO,1/25/2023,0.00,cfs,U,UNKNOWN
WGPPMPCO,1/26/2023,0.00,cfs,U,UNKNOWN
WGPPMPCO,1/27/2023,0.00,cfs,U,UNKNOWN
WGPPMPCO,1/28/2023,0.00,cfs,U,UNKNOWN
WGPPMPCO,1/29/2023,0.00,cfs,U,UNKNOWN
WGPPMPCO,1/30/2023,0.00,cfs,U,UNKNOWN
WGPPMPCO,1/31/2023,0.00,cfs,U,UNKNOWN
WGPPMPCO,2/1/2023,0.00,cfs,U,UNKNOWN
WGPPMPCO,2/2/2023,0.00,cfs,U,UNKNOWN
WGPPMPCO,2/3/2023,0.00,cfs,U,UNKNOWN
WGPPMPCO,2/4/2023,0.00,cfs,U,UNKNOWN
WGPPMPCO,2/5/2023,0.00,cfs,U,UNKNOWN
WGPPMPCO,2/6/2023,0.00,cfs,U,UNKNOWN
WGPPMPCO,2/7/2023,0.00,cfs,U,UNKNOWN
WGPPMPCO,2/8/2023,0.00,cfs,U,UNKNOWN
WGPPMPCO,2/9/2023,0.00,cfs,U,UNKNOWN
WGPPMPCO,2/10/2023,0.00,cfs,U,UNKNOWN
WGPPMPCO,2/11/2023,0.00,cfs,U,UNKNOWN
WGPPMPCO,2/12/2023,,,,
WGPPMPCO,2/13/2023,,,,
WGPPMPCO,2/14/2023,0.00,cfs,U,UNKNOWN
WGPPMPCO,2/15/2023,0.00,cfs,U,UNKNOWN
WGPPMPCO,2/16/2023,0.00,cfs,U,UNKNOWN
WGPPMPCO,2/17/2023,,,,
WGPPMPCO,2/18/2023,,,,
WGPPMPCO,2/19/2023,,,,
WGPPMPCO,2/20/2023,,,,
WGPPMPCO,2/21/2023,,,,
WGPPMPCO,2/22/2023,,,,
WGPPMPCO,2/23/2023,,,,
WGPPMPCO,2/24/2023,,,,
WGPPMPCO,2/25/2023,,,,
WGPPMPCO,2/26/2023,,,,
WGPPMPCO,2/27/2023,,,,
WGPPMPCO,2/28/2023,0.00,cfs,U,UNKNOWN
WGPPMPCO,3/1/2023,0.00,cfs,U,UNKNOWN
WGPPMPCO,3/2/2023,0.00,cfs,U,UNKNOWN
WGPPMPCO,3/3/2023,0.00,cfs,U,UNKNOWN
WGPPMPCO,3/4/2023,0.00,cfs,U,UNKNOWN
WGPPMPCO,3/5/2023,0.00,cfs,U,UNKNOWN
WGPPMPCO,3/6/2023,0.00,cfs,U,UNKNOWN
WGPPMPCO,3/7/2023,0.00,cfs,U,UNKNOWN
WGPPMPCO,3/8/2023,0.00,cfs,U,UNKNOWN
WGPPMPCO,3/9/2023,0.00,cfs,U,UNKNOWN
WGPPMPCO,3/10/2023,0.00,cfs,U,UNKNOWN
WGPPMPCO,3/11/2023,0.00,cfs,U,UNKNOWN
WGPPMPCO,3/12/2023,0.00,cfs,U,UNKNOWN
WGPPMPCO,3/13/2023,0.00,cfs,U,UNKNOWN
WGPPMPCO,3/14/2023,0.00,cfs,U,UNKNOWN
WGPPMPCO,3/15/2023,0.00,cfs,U,UNKNOWN
WGPPMPCO,3/16/2023,0.00,cfs,U,UNKNOWN
WGPPMPCO,3/17/2023,0.00,cfs,U,UNKNOWN
WGPPMPCO,3/18/2023,0.00,cfs,U,UNKNOWN
WGPPMPCO,3/19/2023,0.00,cfs,U,UNKNOWN
WGPPMPCO,3/20/2023,0.00,cfs,U,UNKNOWN
WGPPMPCO,3/21/2023,0.00,cfs,U,UNKNOWN
WGPPMPCO,3/22/2023,0.00,cfs,U,UNKNOWN
WGPPMPCO,3/23/2023,0.00,cfs,U,UNKNOWN
WGPPMPCO,3/24/2023,0.00,cfs,U,UNKNOWN
WGPPMPCO,3/25/2023,0.00,cfs,U,UNKNOWN
WGPPMPCO,3/26/2023,0.00,cfs,U,UNKNOWN
WGPPMPCO,3/27/2023,0.00,cfs,U,UNKNOWN
WGPPMPCO,3/28/2023,0.00,cfs,U,UNKNOWN
WGPPMPCO,3/29/2023,0.00,cfs,U,UNKNOWN
WGPPMPCO,3/30/2023,0.00,cfs,U,UNKNOWN
WGPPMPCO,3/31/2023,0.00,cfs,U,UNKNOWN
WGPPMPCO,4/1/2023,0.00,cfs,U,UNKNOWN
WGPPMPCO,4/2/2023,0.00,cfs,U,UNKNOWN
WGPPMPCO,4/3/2023,0.00,cfs,U,UNKNOWN
WGPPMPCO,4/4/2023,,,,
WGPPMPCO,4/5/2023,,,,
WGPPMPCO,4/6/2023,,,,
WGPPMPCO,4/7/2023,,,,
WGPPMPCO,4/8/2023,,,,
WGPPMPCO,4/9/2023,,,,
WGPPMPCO,4/10/2023,,,,
WGPPMPCO,4/11/2023,,,,
WGPPMPCO,4/12/2023,,,,
WGPPMPCO,4/13/2023,,,,
WGPPMPCO,4/14/2023,,,,
WGPPMPCO,4/15/2023,,,,
WGPPMPCO,4/16/2023,,,,
WGPPMPCO,4/17/2023,,,,
WGPPMPCO,4/18/2023,,,,
WGPPMPCO,4/19/2023,,,,
WGPPMPCO,4/20/2023,,,,
WGPPMPCO,4/21/2023,,,,
WGPPMPCO,4/22/2023,,,,
WGPPMPCO,4/23/2023,,,,
WGPPMPCO,4/24/2023,,,,
WGPPMPCO,4/25/2023,,,,
WGPPMPCO,4/26/2023,,,,
WGPPMPCO,4/27/2023,,,,
WGPPMPCO,4/28/2023,,,,
WGPPMPCO,4/29/2023,,,,
WGPPMPCO,4/30/2023,,,,
WGPPMPCO,5/1/2023,,,,
WGPPMPCO,5/2/2023,,,,
WGPPMPCO,5/3/2023,,,,
WGPPMPCO,5/4/2023,,,,
WGPPMPCO,5/5/2023,,,,
WGPPMPCO,5/6/2023,,,,
WGPPMPCO,5/7/2023,,,,
WGPPMPCO,5/8/2023,,,,
WGPPMPCO,5/9/2023,,,,
WGPPMPCO,5/10/2023,,,,
WGPPMPCO,5/11/2023,,,,
WGPPMPCO,5/12/2023,,,,
WGPPMPCO,5/13/2023,,,,
WGPPMPCO,5/14/2023,,,,
WGPPMPCO,5/15/2023,,,,
WGPPMPCO,5/16/2023,,,,
WGPPMPCO,5/17/2023,,,,
WGPPMPCO,5/18/2023,,,,
WGPPMPCO,5/19/2023,,,,
WGPPMPCO,5/20/2023,,,,
WGPPMPCO,5/21/2023,,,,
WGPPMPCO,5/22/2023,,,,
WGPPMPCO,5/23/2023,,,,
WGPPMPCO,5/24/2023,,,,
WGPPMPCO,5/25/2023,,,,
WGPPMPCO,5/26/2023,,,,
WGPPMPCO,5/27/2023,,,,
WGPPMPCO,5/28/2023,,,,
WGPPMPCO,5/29/2023,,,,
WGPPMPCO,5/30/2023,,,,
WGPPMPCO,5/31/2023,,,,
WGPPMPCO,6/1/2023,,,,
WGPPMPCO,6/2/2023,,,,
WGPPMPCO,6/3/2023,,,,
WGPPMPCO,6/4/2023,,,,
WGPPMPCO,6/5/2023,,,,
WGPPMPCO,6/6/2023,,,,
WGPPMPCO,6/7/2023,,,,
WGPPMPCO,6/8/2023,,,,
WGPPMPCO,6/9/2023,,,,
WGPPMPCO,6/10/2023,,,,
WGPPMPCO,6/11/2023,,,,
WGPPMPCO,6/12/2023,,,,
WGPPMPCO,6/13/2023,,,,
WGPPMPCO,6/14/2023,,,,
WGPPMPCO,6/15/2023,,,,
WGPPMPCO,6/16/2023,,,,
WGPPMPCO,6/17/2023,,,,
WGPPMPCO,6/18/2023,,,,
WGPPMPCO,6/19/2023,,,,
WGPPMPCO,6/20/2023,,,,
WGPPMPCO,6/21/2023,,,,
WGPPMPCO,6/22/2023,,,,
WGPPMPCO,6/23/2023,,,,
WGPPMPCO,6/24/2023,,,,
WGPPMPCO,6/25/2023,,,,
WGPPMPCO,6/26/2023,,,,
WGPPMPCO,6/27/2023,,,,
WGPPMPCO,6/28/2023,,,,
WGPPMPCO,6/29/2023,,,,
WGPPMPCO,6/30/2023,,,,
WGPPMPCO,7/1/2023,,,,
WGPPMPCO,7/2/2023,,,,
WGPPMPCO,7/3/2023,,,,
WGPPMPCO,7/4/2023,,,,
WGPPMPCO,7/5/2023,,,,
WGPPMPCO,7/6/2023,,,,
WGPPMPCO,7/7/2023,,,,
WGPPMPCO,7/8/2023,,,,
WGPPMPCO,7/9/2023,,,,
WGPPMPCO,7/10/2023,,,,
WGPPMPCO,7/11/2023,,,,
WGPPMPCO,7/12/2023,,,,
WGPPMPCO,7/13/2023,,,,
WGPPMPCO,7/14/2023,,,,
WGPPMPCO,7/15/2023,,,,
WGPPMPCO,7/16/2023,,,,
WGPPMPCO,7/17/2023,,,,
WGPPMPCO,7/18/2023,,,,
WGPPMPCO,7/19/2023,,,,
WGPPMPCO,7/20/2023,,,,
WGPPMPCO,7/21/2023,,,,
WGPPMPCO,7/22/2023,,,,
WGPPMPCO,7/23/2023,,,,
WGPPMPCO,7/24/2023,,,,
WGPPMPCO,7/25/2023,,,,
WGPPMPCO,7/26/2023,,,,
WGPPMPCO,7/27/2023,,,,
WGPPMPCO,7/28/2023,,,,
WGPPMPCO,7/29/2023,,,,
WGPPMPCO,7/30/2023,,,,
WGPPMPCO,7/31/2023,,,,
WGPPMPCO,8/1/2023,,,,
WGPPMPCO,8/2/2023,,,,
WGPPMPCO,8/3/2023,,,,
WGPPMPCO,8/4/2023,,,,
WGPPMPCO,8/5/2023,,,,
WGPPMPCO,8/6/2023,,,,
WGPPMPCO,8/7/2023,,,,
WGPPMPCO,8/8/2023,,,,
WGPPMPCO,8/9/2023,,,,
WGPPMPCO,8/10/2023,,,,
WGPPMPCO,8/11/2023,,,,
WGPPMPCO,8/12/2023,,,,
WGPPMPCO,8/13/2023,,,,
WGPPMPCO,8/14/2023,,,,
WGPPMPCO,8/15/2023,,,,
WGPPMPCO,8/16/2023,,,,
WGPPMPCO,8/17/2023,,,,
WGPPMPCO,8/18/2023,,,,
WGPPMPCO,8/19/2023,,,,
WGPPMPCO,8/20/2023,,,,
WGPPMPCO,8/21/2023,,,,
WGPPMPCO,8/22/2023,,,,
WGPPMPCO,8/23/2023,,,,
WGPPMPCO,8/24/2023,,,,
WGPPMPCO,8/25/2023,,,,
WGPPMPCO,8/26/2023,,,,
WGPPMPCO,8/27/2023,,,,
WGPPMPCO,8/28/2023,,,,
WGPPMPCO,8/29/2023,,,,
WGPPMPCO,8/30/2023,,,,
WGPPMPCO,8/31/2023,,,,
WGPPMPCO,9/1/2023,,,,
WGPPMPCO,9/2/2023,,,,
WGPPMPCO,9/3/2023,,,,
WGPPMPCO,9/4/2023,,,,
WGPPMPCO,9/5/2023,,,,
WGPPMPCO,9/6/2023,,,,
WGPPMPCO,9/7/2023,,,,
WGPPMPCO,9/8/2023,,,,
WGPPMPCO,9/9/2023,,,,
WGPPMPCO,9/10/2023,,,,
WGPPMPCO,9/11/2023,,,,
WGPPMPCO,9/12/2023,,,,
WGPPMPCO,9/13/2023,,,,
WGPPMPCO,9/14/2023,,,,
WGPPMPCO,9/15/2023,,,,
WGPPMPCO,9/16/2023,,,,
WGPPMPCO,9/17/2023,,,,
WGPPMPCO,9/18/2023,,,,
WGPPMPCO,9/19/2023,,,,
WGPPMPCO,9/20/2023,,,,
WGPPMPCO,9/21/2023,,,,
WGPPMPCO,9/22/2023,,,,
WGPPMPCO,9/23/2023,,,,
WGPPMPCO,9/24/2023,,,,
WGPPMPCO,9/25/2023,,,,
WGPPMPCO,9/26/2023,,,,
WGPPMPCO,9/27/2023,,,,
WGPPMPCO,9/28/2023,,,,
WGPPMPCO,9/29/2023,,,,
WGPPMPCO,9/30/2023,,,,
WGPPMPCO,10/1/2023,,,,
WGPPMPCO,10/2/2023,,,,
WGPPMPCO,10/3/2023,,,,
WGPPMPCO,10/4/2023,,,,
WGPPMPCO,10/5/2023,,,,
WGPPMPCO,10/6/2023,,,,
WGPPMPCO,10/7/2023,,,,
WGPPMPCO,10/8/2023,,,,
WGPPMPCO,10/9/2023,,,,
WGPPMPCO,10/10/2023,,,,
WGPPMPCO,10/11/2023,,,,
WGPPMPCO,10/12/2023,,,,
WGPPMPCO,10/13/2023,,,,
WGPPMPCO,10/14/2023,,,,
WGPPMPCO,10/15/2023,,,,
WGPPMPCO,10/16/2023,,,,
WGPPMPCO,10/17/2023,,,,
WGPPMPCO,10/18/2023,,,,
WGPPMPCO,10/19/2023,,,,
WGPPMPCO,10/20/2023,,,,
WGPPMPCO,10/21/2023,,,,
WGPPMPCO,10/22/2023,,,,
WGPPMPCO,10/23/2023,,,,
WGPPMPCO,10/24/2023,,,,
WGPPMPCO,10/25/2023,,,,
WGPPMPCO,10/26/2023,,,,
WGPPMPCO,10/27/2023,,,,
WGPPMPCO,10/28/2023,,,,
WGPPMPCO,10/29/2023,,,,
WGPPMPCO,10/30/2023,,,,
WGPPMPCO,10/31/2023,,,,
WGPPMPCO,11/1/2023,,,,
WGPPMPCO,11/2/2023,,,,
WGPPMPCO,11/3/2023,,,,
WGPPMPCO,11/4/2023,,,,
WGPPMPCO,11/5/2023,,,,
WGPPMPCO,11/6/2023,,,,
WGPPMPCO,11/7/2023,,,,
WGPPMPCO,11/8/2023,,,,
WGPPMPCO,11/9/2023,,,,
WGPPMPCO,11/10/2023,,,,
WGPPMPCO,11/11/2023,,,,
WGPPMPCO,11/12/2023,,,,
WGPPMPCO,11/13/2023,,,,
WGPPMPCO,11/14/2023,,,,
WGPPMPCO,11/15/2023,,,,
WGPPMPCO,11/16/2023,,,,
WGPPMPCO,11/17/2023,,,,
WGPPMPCO,11/18/2023,,,,
WGPPMPCO,11/19/2023,,,,
WGPPMPCO,11/20/2023,,,,
WGPPMPCO,11/21/2023,,,,
WGPPMPCO,11/22/2023,,,,
WGPPMPCO,11/23/2023,,,,
WGPPMPCO,11/24/2023,,,,
WGPPMPCO,11/25/2023,,,,
WGPPMPCO,11/26/2023,,,,
WGPPMPCO,11/27/2023,,,,
WGPPMPCO,11/28/2023,,,,
WGPPMPCO,11/29/2023,,,,
WGPPMPCO,11/30/2023,,,,
WGPPMPCO,12/1/2023,,,,
WGPPMPCO,12/2/2023,,,,
WGPPMPCO,12/3/2023,,,,
WGPPMPCO,12/4/2023,,,,
WGPPMPCO,12/5/2023,,,,
WGPPMPCO,12/6/2023,,,,
WGPPMPCO,12/7/2023,,,,
WGPPMPCO,12/8/2023,,,,
WGPPMPCO,12/9/2023,,,,
WGPPMPCO,12/10/2023,,,,
WGPPMPCO,12/11/2023,,,,
WGPPMPCO,12/12/2023,,,,
WGPPMPCO,12/13/2023,,,,
WGPPMPCO,12/14/2023,,,,
WGPPMPCO,12/15/2023,,,,
WGPPMPCO,12/16/2023,,,,
WGPPMPCO,12/17/2023,,,,
WGPPMPCO,12/18/2023,,,,
WGPPMPCO,12/19/2023,,,,
WGPPMPCO,12/20/2023,,,,
WGPPMPCO,12/21/2023,,,,
WGPPMPCO,12/22/2023,,,,
WGPPMPCO,12/23/2023,,,,
WGPPMPCO,12/24/2023,,,,
WGPPMPCO,12/25/2023,,,,
WGPPMPCO,12/26/2023,,,,
WGPPMPCO,12/27/2023,,,,
WGPPMPCO,12/28/2023,,,,
WGPPMPCO,12/29/2023,,,,
WGPPMPCO,12/30/2023,,,,
WGPPMPCO,12/31/2023,,,,
WGPPMPCO,1/1/2024,,,,
WGPPMPCO,1/2/2024,,,,
WGPPMPCO,1/3/2024,,,,
WGPPMPCO,1/4/2024,,,,
WGPPMPCO,1/5/2024,,,,
WGPPMPCO,1/6/2024,,,,
WGPPMPCO,1/7/2024,,,,
WGPPMPCO,1/8/2024,,,,
WGPPMPCO,1/9/2024,,,,
WGPPMPCO,1/10/2024,,,,
WGPPMPCO,1/11/2024,,,,
WGPPMPCO,1/12/2024,,,,
WGPPMPCO,1/13/2024,,,,
WGPPMPCO,1/14/2024,,,,
WGPPMPCO,1/15/2024,,,,
WGPPMPCO,1/16/2024,,,,
WGPPMPCO,1/17/2024,,,,
WGPPMPCO,1/18/2024,,,,
WGPPMPCO,1/19/2024,,,,
WGPPMPCO,1/20/2024,,,,
WGPPMPCO,1/21/2024,,,,
WGPPMPCO,1/22/2024,,,,
WGPPMPCO,1/23/2024,,,,
WGPPMPCO,1/24/2024,,,,
WGPPMPCO,1/25/2024,,,,
WGPPMPCO,1/26/2024,,,,
WGPPMPCO,1/27/2024,,,,
WGPPMPCO,1/28/2024,,,,
WGPPMPCO,1/29/2024,,,,
WGPPMPCO,1/30/2024,,,,
WGPPMPCO,1/31/2024,,,,
WGPPMPCO,2/1/2024,,,,
WGPPMPCO,2/2/2024,,,,
WGPPMPCO,2/3/2024,,,,
WGPPMPCO,2/4/2024,,,,
WGPPMPCO,2/5/2024,,,,
WGPPMPCO,2/6/2024,,,,
WGPPMPCO,2/7/2024,,,,
WGPPMPCO,2/8/2024,,,,
WGPPMPCO,2/9/2024,,,,
WGPPMPCO,2/10/2024,,,,
WGPPMPCO,2/11/2024,,,,
WGPPMPCO,2/12/2024,,,,
WGPPMPCO,2/13/2024,,,,
WGPPMPCO,2/14/2024,,,,
WGPPMPCO,2/15/2024,,,,
WGPPMPCO,2/16/2024,,,,
WGPPMPCO,2/17/2024,,,,
WGPPMPCO,2/18/2024,,,,
WGPPMPCO,2/19/2024,,,,
WGPPMPCO,2/20/2024,,,,
WGPPMPCO,2/21/2024,,,,
WGPPMPCO,2/22/2024,,,,
WGPPMPCO,2/23/2024,,,,
WGPPMPCO,2/24/2024,,,,
WGPPMPCO,2/25/2024,,,,
WGPPMPCO,2/26/2024,,,,
WGPPMPCO,2/27/2024,,,,
WGPPMPCO,2/28/2024,,,,
WGPPMPCO,2/29/2024,,,,
WGPPMPCO,3/1/2024,,,,
WGPPMPCO,3/2/2024,,,,
WGPPMPCO,3/3/2024,,,,
WGPPMPCO,3/4/2024,,,,
WGPPMPCO,3/5/2024,,,,
WGPPMPCO,3/6/2024,,,,
WGPPMPCO,3/7/2024,,,,
WGPPMPCO,3/8/2024,,,,
WGPPMPCO,3/9/2024,,,,
WGPPMPCO,3/10/2024,,,,
WGPPMPCO,3/11/2024,,,,
WGPPMPCO,3/12/2024,,,,
WGPPMPCO,3/13/2024,,,,
WGPPMPCO,3/14/2024,,,,
WGPPMPCO,3/15/2024,,,,
WGPPMPCO,3/16/2024,,,,
WGPPMPCO,3/17/2024,,,,
WGPPMPCO,3/18/2024,,,,
WGPPMPCO,3/19/2024,,,,
WGPPMPCO,3/20/2024,,,,
WGPPMPCO,3/21/2024,,,,
WGPPMPCO,3/22/2024,,,,
WGPPMPCO,3/23/2024,,,,
WGPPMPCO,3/24/2024,,,,
WGPPMPCO,3/25/2024,,,,
WGPPMPCO,3/26/2024,,,,
WGPPMPCO,3/27/2024,,,,
WGPPMPCO,3/28/2024,,,,
WGPPMPCO,3/29/2024,,,,
WGPPMPCO,3/30/2024,,,,
WGPPMPCO,3/31/2024,,,,
WGPPMPCO,4/1/2024,,,,
WGPPMPCO,4/2/2024,,,,
WGPPMPCO,4/3/2024,,,,
WGPPMPCO,4/4/2024,,,,
WGPPMPCO,4/5/2024,,,,
WGPPMPCO,4/6/2024,,,,
WGPPMPCO,4/7/2024,,,,
WGPPMPCO,4/8/2024,,,,
WGPPMPCO,4/9/2024,,,,
WGPPMPCO,4/10/2024,,,,
WGPPMPCO,4/11/2024,,,,
WGPPMPCO,4/12/2024,,,,
WGPPMPCO,4/13/2024,,,,
WGPPMPCO,4/14/2024,,,,
WGPPMPCO,4/15/2024,,,,
WGPPMPCO,4/16/2024,,,,
WGPPMPCO,4/17/2024,,,,
WGPPMPCO,4/18/2024,,,,
WGPPMPCO,4/19/2024,,,,
WGPPMPCO,4/20/2024,,,,
WGPPMPCO,4/21/2024,,,,
WGPPMPCO,4/22/2024,,,,
WGPPMPCO,4/23/2024,,,,
WGPPMPCO,4/24/2024,,,,
WGPPMPCO,4/25/2024,,,,
WGPPMPCO,4/26/2024,,,,
WGPPMPCO,4/27/2024,,,,
WGPPMPCO,4/28/2024,,,,
WGPPMPCO,4/29/2024,,,,
WGPPMPCO,4/30/2024,,,,
WGPPMPCO,5/1/2024,,,,
WGPPMPCO,5/2/2024,,,,
WGPPMPCO,5/3/2024,,,,
WGPPMPCO,5/4/2024,,,,
WGPPMPCO,5/5/2024,,,,
WGPPMPCO,5/6/2024,,,,
WGPPMPCO,5/7/2024,,,,
WGPPMPCO,5/8/2024,,,,
WGPPMPCO,5/9/2024,,,,
WGPPMPCO,5/10/2024,,,,
WGPPMPCO,5/11/2024,,,,
WGPPMPCO,5/12/2024,,,,
WGPPMPCO,5/13/2024,,,,
WGPPMPCO,5/14/2024,,,,
WGPPMPCO,5/15/2024,,,,
WGPPMPCO,5/16/2024,,,,
WGPPMPCO,5/17/2024,,,,
WGPPMPCO,5/18/2024,,,,
WGPPMPCO,5/19/2024,,,,
WGPPMPCO,5/20/2024,,,,
WGPPMPCO,5/21/2024,,,,
WGPPMPCO,5/22/2024,,,,
WGPPMPCO,5/23/2024,,,,
WGPPMPCO,5/24/2024,,,,
WGPPMPCO,5/25/2024,,,,
WGPPMPCO,5/26/2024,,,,
WGPPMPCO,5/27/2024,,,,
WGPPMPCO,5/28/2024,,,,
WGPPMPCO,5/29/2024,,,,
WGPPMPCO,5/30/2024,,,,
WGPPMPCO,5/31/2024,,,,
WGPPMPCO,6/1/2024,,,,
WGPPMPCO,6/2/2024,,,,
WGPPMPCO,6/3/2024,,,,
WGPPMPCO,6/4/2024,,,,
WGPPMPCO,6/5/2024,,,,
WGPPMPCO,6/6/2024,,,,
WGPPMPCO,6/7/2024,,,,
WGPPMPCO,6/8/2024,,,,
WGPPMPCO,6/9/2024,,,,
WGPPMPCO,6/10/2024,,,,
WGPPMPCO,6/11/2024,,,,
WGPPMPCO,6/12/2024,,,,
WGPPMPCO,6/13/2024,,,,
WGPPMPCO,6/14/2024,,,,
WGPPMPCO,6/15/2024,,,,
WGPPMPCO,6/16/2024,,,,
WGPPMPCO,6/17/2024,,,,
WGPPMPCO,6/18/2024,,,,
WGPPMPCO,6/19/2024,,,,
WGPPMPCO,6/20/2024,,,,
WGPPMPCO,6/21/2024,,,,
WGPPMPCO,6/22/2024,,,,
WGPPMPCO,6/23/2024,,,,
WGPPMPCO,6/24/2024,,,,
WGPPMPCO,6/25/2024,,,,
WGPPMPCO,6/26/2024,,,,
WGPPMPCO,6/27/2024,,,,
WGPPMPCO,6/28/2024,,,,
WGPPMPCO,6/29/2024,,,,
WGPPMPCO,6/30/2024,,,,
WGPPMPCO,7/1/2024,,,,
WGPPMPCO,7/2/2024,,,,
WGPPMPCO,7/3/2024,,,,
WGPPMPCO,7/4/2024,,,,
WGPPMPCO,7/5/2024,,,,
WGPPMPCO,7/6/2024,,,,
WGPPMPCO,7/7/2024,,,,
WGPPMPCO,7/8/2024,,,,
WGPPMPCO,7/9/2024,,,,
WGPPMPCO,7/10/2024,,,,
WGPPMPCO,7/11/2024,,,,
WGPPMPCO,7/12/2024,,,,
WGPPMPCO,7/13/2024,,,,
WGPPMPCO,7/14/2024,,,,
WGPPMPCO,7/15/2024,,,,
WGPPMPCO,7/16/2024,,,,
WGPPMPCO,7/17/2024,,,,
WGPPMPCO,7/18/2024,,,,
WGPPMPCO,7/19/2024,,,,
WGPPMPCO,7/20/2024,,,,
WGPPMPCO,7/21/2024,,,,
WGPPMPCO,7/22/2024,,,,
WGPPMPCO,7/23/2024,,,,
WGPPMPCO,7/24/2024,,,,
WGPPMPCO,7/25/2024,,,,
WGPPMPCO,7/26/2024,,,,
WGPPMPCO,7/27/2024,,,,
WGPPMPCO,7/28/2024,,,,
WGPPMPCO,7/29/2024,,,,
WGPPMPCO,7/30/2024,,,,
WGPPMPCO,7/31/2024,,,,
WGPPMPCO,8/1/2024,,,,
WGPPMPCO,8/2/2024,,,,
WGPPMPCO,8/3/2024,,,,
WGPPMPCO,8/4/2024,,,,
WGPPMPCO,8/5/2024,,,,
WGPPMPCO,8/6/2024,,,,
WGPPMPCO,8/7/2024,,,,
WGPPMPCO,8/8/2024,,,,
WGPPMPCO,8/9/2024,,,,
WGPPMPCO,8/10/2024,,,,
WGPPMPCO,8/11/2024,,,,
WGPPMPCO,8/12/2024,,,,
WGPPMPCO,8/13/2024,,,,
WGPPMPCO,8/14/2024,,,,
WGPPMPCO,8/15/2024,,,,
WGPPMPCO,8/16/2024,,,,
WGPPMPCO,8/17/2024,,,,
WGPPMPCO,8/18/2024,,,,
WGPPMPCO,8/19/2024,,,,
WGPPMPCO,8/20/2024,,,,
WGPPMPCO,8/21/2024,,,,
WGPPMPCO,8/22/2024,,,,
WGPPMPCO,8/23/2024,,,,
WGPPMPCO,8/24/2024,,,,
WGPPMPCO,8/25/2024,,,,
WGPPMPCO,8/26/2024,,,,
WGPPMPCO,8/27/2024,,,,
WGPPMPCO,8/28/2024,,,,
WGPPMPCO,8/29/2024,,,,
WGPPMPCO,8/30/2024,,,,
WGPPMPCO,8/31/2024,,,,
WGPPMPCO,9/1/2024,,,,
WGPPMPCO,9/2/2024,,,,
WGPPMPCO,9/3/2024,,,,
WGPPMPCO,9/4/2024,,,,
WGPPMPCO,9/5/2024,,,,
WGPPMPCO,9/6/2024,,,,
WGPPMPCO,9/7/2024,,,,
WGPPMPCO,9/8/2024,,,,
WGPPMPCO,9/9/2024,,,,
WGPPMPCO,9/10/2024,,,,
WGPPMPCO,9/11/2024,,,,
WGPPMPCO,9/12/2024,,,,
WGPPMPCO,9/13/2024,,,,
WGPPMPCO,9/14/2024,,,,
WGPPMPCO,9/15/2024,,,,
WGPPMPCO,9/16/2024,,,,
WGPPMPCO,9/17/2024,,,,
WGPPMPCO,9/18/2024,,,,
WGPPMPCO,9/19/2024,,,,
WGPPMPCO,9/20/2024,,,,
WGPPMPCO,9/21/2024,,,,
WGPPMPCO,9/22/2024,,,,
WGPPMPCO,9/23/2024,,,,
WGPPMPCO,9/24/2024,,,,
WGPPMPCO,9/25/2024,,,,
WGPPMPCO,9/26/2024,,,,
WGPPMPCO,9/27/2024,,,,
WGPPMPCO,9/28/2024,,,,
WGPPMPCO,9/29/2024,,,,
WGPPMPCO,9/30/2024,,,,
WGPPMPCO,10/1/2024,,,,
WGPPMPCO,10/2/2024,,,,
WGPPMPCO,10/3/2024,,,,
WGPPMPCO,10/4/2024,,,,
WGPPMPCO,10/5/2024,,,,
WGPPMPCO,10/6/2024,,,,
WGPPMPCO,10/7/2024,,,,
WGPPMPCO,10/8/2024,,,,
WGPPMPCO,10/9/2024,,,,
WGPPMPCO,10/10/2024,,,,
WGPPMPCO,10/11/2024,,,,
WGPPMPCO,10/12/2024,,,,
WGPPMPCO,10/13/2024,,,,
WGPPMPCO,10/14/2024,,,,
WGPPMPCO,10/15/2024,,,,
WGPPMPCO,10/16/2024,,,,
WGPPMPCO,10/17/2024,,,,
WGPPMPCO,10/18/2024,,,,
WGPPMPCO,10/19/2024,,,,
WGPPMPCO,10/20/2024,,,,
WGPPMPCO,10/21/2024,,,,
WGPPMPCO,10/22/2024,,,,
WGPPMPCO,10/23/2024,,,,
WGPPMPCO,10/24/2024,,,,
WGPPMPCO,10/25/2024,,,,
WGPPMPCO,10/26/2024,,,,
WGPPMPCO,10/27/2024,,,,
WGPPMPCO,10/28/2024,,,,
WGPPMPCO,10/29/2024,,,,
WGPPMPCO,10/30/2024,,,,
WGPPMPCO,10/31/2024,,,,
WGPPMPCO,11/1/2024,,,,
WGPPMPCO,11/2/2024,,,,
WGPPMPCO,11/3/2024,,,,
WGPPMPCO,11/4/2024,,,,
WGPPMPCO,11/5/2024,,,,
WGPPMPCO,11/6/2024,,,,
WGPPMPCO,11/7/2024,,,,
WGPPMPCO,11/8/2024,,,,
WGPPMPCO,11/9/2024,,,,
WGPPMPCO,11/10/2024,,,,
WGPPMPCO,11/11/2024,,,,
WGPPMPCO,11/12/2024,,,,
WGPPMPCO,11/13/2024,,,,
WGPPMPCO,11/14/2024,,,,
WGPPMPCO,11/15/2024,,,,
WGPPMPCO,11/16/2024,,,,
WGPPMPCO,11/17/2024,,,,
WGPPMPCO,11/18/2024,,,,
WGPPMPCO,11/19/2024,,,,
WGPPMPCO,11/20/2024,,,,
WGPPMPCO,11/21/2024,,,,
WGPPMPCO,11/22/2024,,,,
WGPPMPCO,11/23/2024,,,,
WGPPMPCO,11/24/2024,,,,
WGPPMPCO,11/25/2024,,,,
WGPPMPCO,11/26/2024,,,,
WGPPMPCO,11/27/2024,,,,
WGPPMPCO,11/28/2024,,,,
WGPPMPCO,11/29/2024,,,,
WGPPMPCO,11/30/2024,,,,
WGPPMPCO,12/1/2024,,,,
WGPPMPCO,12/2/2024,,,,
WGPPMPCO,12/3/2024,,,,
WGPPMPCO,12/4/2024,,,,
WGPPMPCO,12/5/2024,,,,
WGPPMPCO,12/6/2024,,,,
WGPPMPCO,12/7/2024,,,,
WGPPMPCO,12/8/2024,,,,
WGPPMPCO,12/9/2024,,,,
WGPPMPCO,12/10/2024,,,,
WGPPMPCO,12/11/2024,,,,
WGPPMPCO,12/12/2024,,,,
WGPPMPCO,12/13/2024,,,,
WGPPMPCO,12/14/2024,,,,
WGPPMPCO,12/15/2024,,,,
WGPPMPCO,12/16/2024,,,,
WGPPMPCO,12/17/2024,,,,
WGPPMPCO,12/18/2024,,,,
WGPPMPCO,12/19/2024,,,,
WGPPMPCO,12/20/2024,,,,
WGPPMPCO,12/21/2024,,,,
WGPPMPCO,12/22/2024,,,,
WGPPMPCO,12/23/2024,,,,
WGPPMPCO,12/24/2024,,,,
WGPPMPCO,12/25/2024,,,,
WGPPMPCO,12/26/2024,,,,
WGPPMPCO,12/27/2024,,,,
WGPPMPCO,12/28/2024,,,,
WGPPMPCO,12/29/2024,,,,
WGPPMPCO,12/30/2024,,,,
WGPPMPCO,12/31/2024,,,,
WGPPMPCO,1/1/2025,,,,
WGPPMPCO,1/2/2025,,,,
WGPPMPCO,1/3/2025,,,,
WGPPMPCO,1/4/2025,,,,
WGPPMPCO,1/5/2025,,,,
WGPPMPCO,1/6/2025,,,,
WGPPMPCO,1/7/2025,,,,
WGPPMPCO,1/8/2025,,,,
WGPPMPCO,1/9/2025,,,,
WGPPMPCO,1/10/2025,,,,
WGPPMPCO,1/11/2025,,,,
WGPPMPCO,1/12/2025,,,,
WGPPMPCO,1/13/2025,,,,
WGPPMPCO,1/14/2025,,,,
WGPPMPCO,1/15/2025,,,,
WGPPMPCO,1/16/2025,,,,
WGPPMPCO,1/17/2025,,,,
WGPPMPCO,1/18/2025,,,,
WGPPMPCO,1/19/2025,,,,
WGPPMPCO,1/20/2025,,,,
WGPPMPCO,1/21/2025,,,,
WGPPMPCO,1/22/2025,,,,
WGPPMPCO,1/23/2025,,,,
WGPPMPCO,1/24/2025,,,,
WGPPMPCO,1/25/2025,,,,
WGPPMPCO,1/26/2025,,,,
WGPPMPCO,1/27/2025,,,,
WGPPMPCO,1/28/2025,,,,
WGPPMPCO,1/29/2025,,,,
WGPPMPCO,1/30/2025,,,,
WGPPMPCO,1/31/2025,,,,
WGPPMPCO,2/1/2025,,,,
WGPPMPCO,2/2/2025,,,,
WGPPMPCO,2/3/2025,,,,
WGPPMPCO,2/4/2025,,,,
WGPPMPCO,2/5/2025,,,,
WGPPMPCO,2/6/2025,,,,
WGPPMPCO,2/7/2025,,,,
WGPPMPCO,2/8/2025,,,,
WGPPMPCO,2/9/2025,,,,
WGPPMPCO,2/10/2025,,,,
WGPPMPCO,2/11/2025,,,,
WGPPMPCO,2/12/2025,,,,
WGPPMPCO,2/13/2025,,,,
WGPPMPCO,2/14/2025,,,,
WGPPMPCO,2/15/2025,,,,
WGPPMPCO,2/16/2025,,,,
WGPPMPCO,2/17/2025,,,,
WGPPMPCO,2/18/2025,,,,
WGPPMPCO,2/19/2025,,,,
WGPPMPCO,2/20/2025,,,,
WGPPMPCO,2/21/2025,,,,
WGPPMPCO,2/22/2025,,,,
WGPPMPCO,2/23/2025,,,,
WGPPMPCO,2/24/2025,,,,
WGPPMPCO,2/25/2025,,,,
WGPPMPCO,2/26/2025,,,,
WGPPMPCO,2/27/2025,,,,
WGPPMPCO,2/28/2025,,,,
WGPPMPCO,3/1/2025,,,,
WGPPMPCO,3/2/2025,,,,
WGPPMPCO,3/3/2025,,,,
WGPPMPCO,3/4/2025,,,,
WGPPMPCO,3/5/2025,,,,
WGPPMPCO,3/6/2025,,,,
WGPPMPCO,3/7/2025,,,,
WGPPMPCO,3/8/2025,,,,
WGPPMPCO,3/9/2025,,,,
WGPPMPCO,3/10/2025,,,,
WGPPMPCO,3/11/2025,,,,
WGPPMPCO,3/12/2025,,,,
WGPPMPCO,3/13/2025,,,,
WGPPMPCO,3/14/2025,,,,
WGPPMPCO,3/15/2025,,,,
WGPPMPCO,3/16/2025,,,,
WGPPMPCO,3/17/2025,,,,
WGPPMPCO,3/18/2025,,,,
WGPPMPCO,3/19/2025,,,,
WGPPMPCO,3/20/2025,,,,
WGPPMPCO,3/21/2025,,,,
WGPPMPCO,3/22/2025,,,,
WGPPMPCO,3/23/2025,,,,
WGPPMPCO,3/24/2025,,,,
WGPPMPCO,3/25/2025,,,,
WGPPMPCO,3/26/2025,,,,
WGPPMPCO,3/27/2025,,,,
WGPPMPCO,3/28/2025,,,,
WGPPMPCO,3/29/2025,,,,
WGPPMPCO,3/30/2025,,,,
WGPPMPCO,3/31/2025,,,,
WGPPMPCO,4/1/2025,,,,
WGPPMPCO,4/2/2025,,,,
WGPPMPCO,4/3/2025,,,,
WGPPMPCO,4/4/2025,,,,
WGPPMPCO,4/5/2025,,,,
WGPPMPCO,4/6/2025,,,,
WGPPMPCO,4/7/2025,,,,
WGPPMPCO,4/8/2025,,,,
WGPPMPCO,4/9/2025,,,,
WGPPMPCO,4/10/2025,,,,
WGPPMPCO,4/11/2025,,,,
WGPPMPCO,4/12/2025,,,,
WGPPMPCO,4/13/2025,,,,
WGPPMPCO,4/14/2025,,,,
WGPPMPCO,4/15/2025,179.00,cfs,U,UNKNOWN
WGPPMPCO,4/16/2025,179.00,cfs,U,UNKNOWN
WGPPMPCO,4/17/2025,179.00,cfs,U,UNKNOWN
WGPPMPCO,4/18/2025,121.00,cfs,U,UNKNOWN
WGPPMPCO,4/19/2025,0.00,cfs,U,UNKNOWN
WGPPMPCO,4/20/2025,0.00,cfs,U,UNKNOWN
WGPPMPCO,4/21/2025,0.00,cfs,U,UNKNOWN
WGPPMPCO,4/22/2025,0.00,cfs,U,UNKNOWN
WGPPMPCO,4/23/2025,0.00,cfs,U,UNKNOWN
WGPPMPCO,4/24/2025,0.00,cfs,U,UNKNOWN
WGPPMPCO,4/25/2025,0.00,cfs,U,UNKNOWN
WGPPMPCO,4/26/2025,0.00,cfs,U,UNKNOWN
WGPPMPCO,4/27/2025,0.00,cfs,U,UNKNOWN
WGPPMPCO,4/28/2025,0.00,cfs,U,UNKNOWN
WGPPMPCO,4/29/2025,0.00,cfs,U,UNKNOWN
WGPPMPCO,4/30/2025,0.00,cfs,U,UNKNOWN
WGPPMPCO,5/1/2025,0.00,cfs,U,UNKNOWN
WGPPMPCO,5/2/2025,0.00,cfs,U,UNKNOWN
WGPPMPCO,5/3/2025,0.00,cfs,U,UNKNOWN
WGPPMPCO,5/4/2025,0.00,cfs,U,UNKNOWN
WGPPMPCO,5/5/2025,0.00,cfs,U,UNKNOWN
WGPPMPCO,5/6/2025,0.00,cfs,U,UNKNOWN
WGPPMPCO,5/7/2025,0.00,cfs,U,UNKNOWN
WGPPMPCO,5/8/2025,71.70,cfs,U,UNKNOWN
WGPPMPCO,5/9/2025,177.00,cfs,U,UNKNOWN
WGPPMPCO,5/10/2025,179.00,cfs,U,UNKNOWN
WGPPMPCO,5/11/2025,179.00,cfs,U,UNKNOWN
WGPPMPCO,5/12/2025,182.00,cfs,U,UNKNOWN
WGPPMPCO,5/13/2025,278.00,cfs,U,UNKNOWN
WGPPMPCO,5/14/2025,188.00,cfs,U,UNKNOWN
WGPPMPCO,5/15/2025,264.00,cfs,U,UNKNOWN
WGPPMPCO,5/16/2025,269.00,cfs,U,UNKNOWN
WGPPMPCO,5/17/2025,310.00,cfs,U,UNKNOWN
WGPPMPCO,5/18/2025,259.00,cfs,U,UNKNOWN
WGPPMPCO,5/19/2025,261.00,cfs,U,UNKNOWN
WGPPMPCO,5/20/2025,179.00,cfs,U,UNKNOWN
WGPPMPCO,5/21/2025,253.00,cfs,U,UNKNOWN
WGPPMPCO,5/22/2025,217.00,cfs,U,UNKNOWN
WGPPMPCO,5/23/2025,197.00,cfs,U,UNKNOWN
WGPPMPCO,5/24/2025,210.00,cfs,U,UNKNOWN
WGPPMPCO,5/25/2025,217.00,cfs,U,UNKNOWN
WGPPMPCO,5/26/2025,256.00,cfs,U,UNKNOWN
WGPPMPCO,5/27/2025,256.00,cfs,U,UNKNOWN
WGPPMPCO,5/28/2025,203.00,cfs,U,UNKNOWN
WGPPMPCO,5/29/2025,254.00,cfs,U,UNKNOWN
WGPPMPCO,5/30/2025,381.00,cfs,U,UNKNOWN
WGPPMPCO,5/31/2025,415.00,cfs,U,UNKNOWN
WGPPMPCO,6/1/2025,392.00,cfs,U,UNKNOWN
WGPPMPCO,6/2/2025,451.00,cfs,U,UNKNOWN
WGPPMPCO,6/3/2025,463.00,cfs,U,UNKNOWN
WGPPMPCO,6/4/2025,516.00,cfs,U,UNKNOWN
WGPPMPCO,6/5/2025,414.00,cfs,U,UNKNOWN
WGPPMPCO,6/6/2025,467.00,cfs,U,UNKNOWN
WGPPMPCO,6/7/2025,466.00,cfs,U,UNKNOWN
WGPPMPCO,6/8/2025,465.00,cfs,U,UNKNOWN
WGPPMPCO,6/9/2025,465.00,cfs,U,UNKNOWN
WGPPMPCO,6/10/2025,464.00,cfs,U,UNKNOWN
WGPPMPCO,6/11/2025,464.00,cfs,U,UNKNOWN
WGPPMPCO,6/12/2025,463.00,cfs,U,UNKNOWN
WGPPMPCO,6/13/2025,463.00,cfs,U,UNKNOWN
WGPPMPCO,6/14/2025,462.00,cfs,U,UNKNOWN
WGPPMPCO,6/15/2025,462.00,cfs,U,UNKNOWN
WGPPMPCO,6/16/2025,462.00,cfs,U,UNKNOWN
WGPPMPCO,6/17/2025,461.00,cfs,U,UNKNOWN
WGPPMPCO,6/18/2025,389.00,cfs,U,UNKNOWN
WGPPMPCO,6/19/2025,330.00,cfs,U,UNKNOWN
WGPPMPCO,6/20/2025,331.00,cfs,U,UNKNOWN
WGPPMPCO,6/21/2025,0.00,cfs,U,UNKNOWN
WGPPMPCO,6/22/2025,0.00,cfs,U,UNKNOWN
WGPPMPCO,6/23/2025,0.00,cfs,U,UNKNOWN
WGPPMPCO,6/24/2025,6.90,cfs,U,UNKNOWN
WGPPMPCO,6/25/2025,0.00,cfs,U,UNKNOWN
WGPPMPCO,6/26/2025,0.00,cfs,U,UNKNOWN
WGPPMPCO,6/27/2025,0.00,cfs,U,UNKNOWN
WGPPMPCO,6/28/2025,0.00,cfs,U,UNKNOWN
WGPPMPCO,6/29/2025,0.00,cfs,U,UNKNOWN
WGPPMPCO,6/30/2025,0.00,cfs,U,UNKNOWN
WGPPMPCO,7/1/2025,0.00,cfs,U,UNKNOWN
WGPPMPCO,7/2/2025,0.00,cfs,U,UNKNOWN
WGPPMPCO,7/3/2025,0.00,cfs,U,UNKNOWN
WGPPMPCO,7/4/2025,0.00,cfs,U,UNKNOWN
WGPPMPCO,7/5/2025,0.00,cfs,U,UNKNOWN
WGPPMPCO,7/6/2025,0.00,cfs,U,UNKNOWN
WGPPMPCO,7/7/2025,0.00,cfs,U,UNKNOWN
WGPPMPCO,7/8/2025,0.00,cfs,U,UNKNOWN
WGPPMPCO,7/9/2025,0.00,cfs,U,UNKNOWN
WGPPMPCO,7/10/2025,0.00,cfs,U,UNKNOWN
WGPPMPCO,7/11/2025,0.00,cfs,U,UNKNOWN
WGPPMPCO,7/12/2025,0.00,cfs,U,UNKNOWN
WGPPMPCO,7/13/2025,0.00,cfs,U,UNKNOWN
WGPPMPCO,7/14/2025,0.00,cfs,U,UNKNOWN
WGPPMPCO,7/15/2025,0.00,cfs,U,UNKNOWN
WGPPMPCO,7/16/2025,0.00,cfs,U,UNKNOWN
WGPPMPCO,7/17/2025,0.00,cfs,U,UNKNOWN
WGPPMPCO,7/18/2025,0.00,cfs,U,UNKNOWN
WGPPMPCO,7/19/2025,0.00,cfs,U,UNKNOWN
WGPPMPCO,7/20/2025,0.00,cfs,U,UNKNOWN
WGPPMPCO,7/21/2025,0.00,cfs,U,UNKNOWN
WGPPMPCO,7/22/2025,0.00,cfs,U,UNKNOWN
WGPPMPCO,7/23/2025,0.00,cfs,U,UNKNOWN
WGPPMPCO,7/24/2025,0.00,cfs,U,UNKNOWN
WGPPMPCO,7/25/2025,0.00,cfs,U,UNKNOWN
WGPPMPCO,7/26/2025,0.00,cfs,U,UNKNOWN
WGPPMPCO,7/27/2025,0.00,cfs,U,UNKNOWN
WGPPMPCO,7/28/2025,0.00,cfs,U,UNKNOWN
WGPPMPCO,7/29/2025,0.00,cfs,U,UNKNOWN
WGPPMPCO,7/30/2025,0.00,cfs,U,UNKNOWN
WGPPMPCO,7/31/2025,0.00,cfs,U,UNKNOWN
WGPPMPCO,8/1/2025,0.00,cfs,U,UNKNOWN
WGPPMPCO,8/2/2025,0.00,cfs,U,UNKNOWN
WGPPMPCO,8/3/2025,0.00,cfs,U,UNKNOWN
WGPPMPCO,8/4/2025,0.00,cfs,U,UNKNOWN
WGPPMPCO,8/5/2025,0.00,cfs,U,UNKNOWN
WGPPMPCO,8/6/2025,0.00,cfs,U,UNKNOWN
WGPPMPCO,8/7/2025,0.00,cfs,U,UNKNOWN
WGPPMPCO,8/8/2025,0.00,cfs,U,UNKNOWN
WGPPMPCO,8/9/2025,0.00,cfs,U,UNKNOWN
WGPPMPCO,8/10/2025,0.00,cfs,U,UNKNOWN
WGPPMPCO,8/11/2025,0.00,cfs,U,UNKNOWN
WGPPMPCO,8/12/2025,0.00,cfs,U,UNKNOWN
WGPPMPCO,8/13/2025,0.00,cfs,U,UNKNOWN
WGPPMPCO,8/14/2025,0.00,cfs,U,UNKNOWN
WGPPMPCO,8/15/2025,0.00,cfs,U,UNKNOWN
WGPPMPCO,8/16/2025,0.00,cfs,U,UNKNOWN
WGPPMPCO,8/17/2025,0.00,cfs,U,UNKNOWN
WGPPMPCO,8/18/2025,0.00,cfs,U,UNKNOWN
WGPPMPCO,8/19/2025,0.00,cfs,U,UNKNOWN
WGPPMPCO,8/20/2025,0.00,cfs,U,UNKNOWN
WGPPMPCO,8/21/2025,0.00,cfs,U,UNKNOWN
WGPPMPCO,8/22/2025,0.00,cfs,U,UNKNOWN
WGPPMPCO,8/23/2025,0.00,cfs,U,UNKNOWN
WGPPMPCO,8/24/2025,0.00,cfs,U,UNKNOWN
WGPPMPCO,8/25/2025,0.00,cfs,U,UNKNOWN
WGPPMPCO,8/26/2025,0.00,cfs,U,UNKNOWN
WGPPMPCO,8/27/2025,0.00,cfs,U,UNKNOWN
WGPPMPCO,8/28/2025,0.00,cfs,U,UNKNOWN
WGPPMPCO,8/29/2025,0.00,cfs,U,UNKNOWN
WGPPMPCO,8/30/2025,0.00,cfs,U,UNKNOWN
WGPPMPCO,8/31/2025,0.00,cfs,U,UNKNOWN
WGPPMPCO,9/1/2025,0.00,cfs,U,UNKNOWN
WGPPMPCO,9/2/2025,0.00,cfs,U,UNKNOWN
WGPPMPCO,9/3/2025,0.00,cfs,U,UNKNOWN
WGPPMPCO,9/4/2025,0.00,cfs,U,UNKNOWN
WGPPMPCO,9/5/2025,0.00,cfs,U,UNKNOWN
WGPPMPCO,9/6/2025,0.00,cfs,U,UNKNOWN
WGPPMPCO,9/7/2025,0.00,cfs,U,UNKNOWN
WGPPMPCO,9/8/2025,0.00,cfs,U,UNKNOWN
WGPPMPCO,9/9/2025,0.00,cfs,U,UNKNOWN
WGPPMPCO,9/10/2025,0.00,cfs,U,UNKNOWN
WGPPMPCO,9/11/2025,0.00,cfs,U,UNKNOWN
WGPPMPCO,9/12/2025,0.00,cfs,U,UNKNOWN
WGPPMPCO,9/13/2025,0.00,cfs,U,UNKNOWN
WGPPMPCO,9/14/2025,0.00,cfs,U,UNKNOWN
WGPPMPCO,9/15/2025,0.00,cfs,U,UNKNOWN
WGPPMPCO,9/16/2025,0.00,cfs,U,UNKNOWN
WGPPMPCO,9/17/2025,0.00,cfs,U,UNKNOWN
WGPPMPCO,9/18/2025,0.00,cfs,U,UNKNOWN
WGPPMPCO,9/19/2025,0.00,cfs,U,UNKNOWN
WGPPMPCO,9/20/2025,0.00,cfs,U,UNKNOWN
WGPPMPCO,9/21/2025,0.00,cfs,U,UNKNOWN
WGPPMPCO,9/22/2025,0.00,cfs,U,UNKNOWN
WGPPMPCO,9/23/2025,0.00,cfs,U,UNKNOWN
WGPPMPCO,9/24/2025,0.00,cfs,U,UNKNOWN
WGPPMPCO,9/25/2025,0.00,cfs,U,UNKNOWN
WGPPMPCO,9/26/2025,0.00,cfs,U,UNKNOWN
WGPPMPCO,9/27/2025,0.00,cfs,U,UNKNOWN
WGPPMPCO,9/28/2025,0.00,cfs,U,UNKNOWN
WGPPMPCO,9/29/2025,0.00,cfs,U,UNKNOWN
WGPPMPCO,9/30/2025,0.00,cfs,U,UNKNOWN
WGPPMPCO,10/1/2025,0.00,cfs,U,UNKNOWN
WGPPMPCO,10/2/2025,0.00,cfs,U,UNKNOWN
WGPPMPCO,10/3/2025,0.00,cfs,U,UNKNOWN
WGPPMPCO,10/4/2025,0.00,cfs,U,UNKNOWN
WGPPMPCO,10/5/2025,0.00,cfs,U,UNKNOWN
WGPPMPCO,10/6/2025,0.00,cfs,U,UNKNOWN
WGPPMPCO,10/7/2025,0.00,cfs,U,UNKNOWN
WGPPMPCO,10/8/2025,0.00,cfs,U,UNKNOWN
WGPPMPCO,10/9/2025,0.00,cfs,U,UNKNOWN
WGPPMPCO,10/10/2025,0.00,cfs,U,UNKNOWN
WGPPMPCO,10/11/2025,0.00,cfs,U,UNKNOWN
WGPPMPCO,10/12/2025,0.00,cfs,U,UNKNOWN
WGPPMPCO,10/13/2025,0.00,cfs,U,UNKNOWN
WGPPMPCO,10/14/2025,0.00,cfs,U,UNKNOWN
WGPPMPCO,10/15/2025,0.00,cfs,U,UNKNOWN
WGPPMPCO,10/16/2025,0.00,cfs,U,UNKNOWN
WGPPMPCO,10/17/2025,0.00,cfs,U,UNKNOWN
WGPPMPCO,10/18/2025,0.00,cfs,U,UNKNOWN
WGPPMPCO,10/19/2025,0.00,cfs,U,UNKNOWN
WGPPMPCO,10/20/2025,0.00,cfs,U,UNKNOWN
WGPPMPCO,10/21/2025,0.00,cfs,U,UNKNOWN
WGPPMPCO,10/22/2025,0.00,cfs,U,UNKNOWN
WGPPMPCO,10/23/2025,0.00,cfs,U,UNKNOWN
WGPPMPCO,10/24/2025,0.00,cfs,U,UNKNOWN
WGPPMPCO,10/25/2025,0.00,cfs,U,UNKNOWN
WGPPMPCO,10/26/2025,0.00,cfs,U,UNKNOWN
WGPPMPCO,10/27/2025,0.00,cfs,U,UNKNOWN
WGPPMPCO,10/28/2025,0.00,cfs,U,UNKNOWN
WGPPMPCO,10/29/2025,0.00,cfs,U,UNKNOWN
WGPPMPCO,10/30/2025,0.00,cfs,U,UNKNOWN
WGPPMPCO,10/31/2025,0.00,cfs,U,UNKNOWN
WGPPMPCO,11/1/2025,0.00,cfs,U,UNKNOWN
WGPPMPCO,11/2/2025,0.00,cfs,U,UNKNOWN
WGPPMPCO,11/3/2025,0.00,cfs,U,UNKNOWN
WGPPMPCO,11/4/2025,0.00,cfs,U,UNKNOWN
WGPPMPCO,11/5/2025,0.00,cfs,U,UNKNOWN
WGPPMPCO,11/6/2025,0.00,cfs,U,UNKNOWN
WGPPMPCO,11/7/2025,0.00,cfs,U,UNKNOWN
WGPPMPCO,11/8/2025,0.00,cfs,U,UNKNOWN
WGPPMPCO,11/9/2025,0.00,cfs,U,UNKNOWN
WGPPMPCO,11/10/2025,0.00,cfs,U,UNKNOWN
WGPPMPCO,11/11/2025,0.00,cfs,U,UNKNOWN
WGPPMPCO,11/12/2025,0.00,cfs,U,UNKNOWN
WGPPMPCO,11/13/2025,0.00,cfs,U,UNKNOWN
WGPPMPCO,11/14/2025,0.00,cfs,U,UNKNOWN
WGPPMPCO,11/15/2025,0.00,cfs,U,UNKNOWN
WGPPMPCO,11/16/2025,0.00,cfs,U,UNKNOWN
WGPPMPCO,11/17/2025,0.00,cfs,U,UNKNOWN
WGPPMPCO,11/18/2025,0.00,cfs,U,UNKNOWN
WGPPMPCO,11/19/2025,0.00,cfs,U,UNKNOWN
WGPPMPCO,11/20/2025,0.00,cfs,U,UNKNOWN
WGPPMPCO,11/21/2025,0.00,cfs,U,UNKNOWN
WGPPMPCO,11/22/2025,0.00,cfs,U,UNKNOWN
WGPPMPCO,11/23/2025,0.00,cfs,U,UNKNOWN
WGPPMPCO,11/24/2025,0.00,cfs,U,UNKNOWN
WGPPMPCO,11/25/2025,0.00,cfs,U,UNKNOWN
WGPPMPCO,11/26/2025,0.00,cfs,U,UNKNOWN
WGPPMPCO,11/27/2025,0.00,cfs,U,UNKNOWN
WGPPMPCO,11/28/2025,0.00,cfs,U,UNKNOWN
WGPPMPCO,11/29/2025,0.00,cfs,U,UNKNOWN
WGPPMPCO,11/30/2025,0.00,cfs,U,UNKNOWN
WGPPMPCO,12/1/2025,0.00,cfs,U,UNKNOWN
WGPPMPCO,12/2/2025,0.00,cfs,U,UNKNOWN
WGPPMPCO,12/3/2025,0.00,cfs,U,UNKNOWN
